-- Seed Data generated from sujet 9
BEGIN;
TRUNCATE users, profile_contexts, interests, associations, events, academic_schedules CASCADE;
INSERT INTO users (id, nom, prenom, email, role) VALUES (1, 'Admin', 'CampusLink', 'admin@campuslink.fr', 'ADMIN') ON CONFLICT (id) DO NOTHING;
INSERT INTO users (id, nom, prenom, email, role) VALUES (100, 'Nom_ETU0001', 'Prenom_ETU0001', 'etu0001@univ.cm', 'USER');
INSERT INTO profile_contexts (user_id, filiere, annee, semester, rythme, principal_location) VALUES (100, 'Génie Civil', 1, 1, 'COURS', 'Site_A');
INSERT INTO interests (user_id, tag) VALUES (100, 'Art') ON CONFLICT DO NOTHING;
INSERT INTO interests (user_id, tag) VALUES (100, 'Musique') ON CONFLICT DO NOTHING;
INSERT INTO interests (user_id, tag) VALUES (100, 'Danse') ON CONFLICT DO NOTHING;
INSERT INTO users (id, nom, prenom, email, role) VALUES (101, 'Nom_ETU0002', 'Prenom_ETU0002', 'etu0002@univ.cm', 'USER');
INSERT INTO profile_contexts (user_id, filiere, annee, semester, rythme, principal_location) VALUES (101, 'Informatique', 1, 1, 'STAGE', 'Site_C');
INSERT INTO users (id, nom, prenom, email, role) VALUES (102, 'Nom_ETU0003', 'Prenom_ETU0003', 'etu0003@univ.cm', 'USER');
INSERT INTO profile_contexts (user_id, filiere, annee, semester, rythme, principal_location) VALUES (102, 'Commerce', 4, 1, 'COURS', 'Site_C');
INSERT INTO users (id, nom, prenom, email, role) VALUES (103, 'Nom_ETU0004', 'Prenom_ETU0004', 'etu0004@univ.cm', 'USER');
INSERT INTO profile_contexts (user_id, filiere, annee, semester, rythme, principal_location) VALUES (103, 'Économie', 2, 1, 'COURS', 'Site_B');
INSERT INTO users (id, nom, prenom, email, role) VALUES (104, 'Nom_ETU0005', 'Prenom_ETU0005', 'etu0005@univ.cm', 'USER');
INSERT INTO profile_contexts (user_id, filiere, annee, semester, rythme, principal_location) VALUES (104, 'Lettres', 5, 1, 'STAGE', 'Site_A');
INSERT INTO users (id, nom, prenom, email, role) VALUES (105, 'Nom_ETU0006', 'Prenom_ETU0006', 'etu0006@univ.cm', 'USER');
INSERT INTO profile_contexts (user_id, filiere, annee, semester, rythme, principal_location) VALUES (105, 'Lettres', 5, 1, 'COURS', 'Site_A');
INSERT INTO users (id, nom, prenom, email, role) VALUES (106, 'Nom_ETU0007', 'Prenom_ETU0007', 'etu0007@univ.cm', 'USER');
INSERT INTO profile_contexts (user_id, filiere, annee, semester, rythme, principal_location) VALUES (106, 'Biologie', 3, 1, 'COURS', 'Site_B');
INSERT INTO users (id, nom, prenom, email, role) VALUES (107, 'Nom_ETU0008', 'Prenom_ETU0008', 'etu0008@univ.cm', 'USER');
INSERT INTO profile_contexts (user_id, filiere, annee, semester, rythme, principal_location) VALUES (107, 'Médecine', 5, 1, 'COURS', 'Site_A');
INSERT INTO interests (user_id, tag) VALUES (107, 'Cinema') ON CONFLICT DO NOTHING;
INSERT INTO interests (user_id, tag) VALUES (107, 'Danse') ON CONFLICT DO NOTHING;
INSERT INTO interests (user_id, tag) VALUES (107, 'Art') ON CONFLICT DO NOTHING;
INSERT INTO interests (user_id, tag) VALUES (107, 'Entrepreneuriat') ON CONFLICT DO NOTHING;
INSERT INTO interests (user_id, tag) VALUES (107, 'Lecture') ON CONFLICT DO NOTHING;
INSERT INTO users (id, nom, prenom, email, role) VALUES (108, 'Nom_ETU0009', 'Prenom_ETU0009', 'etu0009@univ.cm', 'USER');
INSERT INTO profile_contexts (user_id, filiere, annee, semester, rythme, principal_location) VALUES (108, 'Économie', 1, 1, 'STAGE', 'Site_C');
INSERT INTO users (id, nom, prenom, email, role) VALUES (109, 'Nom_ETU0010', 'Prenom_ETU0010', 'etu0010@univ.cm', 'USER');
INSERT INTO profile_contexts (user_id, filiere, annee, semester, rythme, principal_location) VALUES (109, 'Économie', 2, 1, 'STAGE', 'Site_C');
INSERT INTO users (id, nom, prenom, email, role) VALUES (110, 'Nom_ETU0011', 'Prenom_ETU0011', 'etu0011@univ.cm', 'USER');
INSERT INTO profile_contexts (user_id, filiere, annee, semester, rythme, principal_location) VALUES (110, 'Médecine', 5, 1, 'COURS', 'Site_A');
INSERT INTO users (id, nom, prenom, email, role) VALUES (111, 'Nom_ETU0012', 'Prenom_ETU0012', 'etu0012@univ.cm', 'USER');
INSERT INTO profile_contexts (user_id, filiere, annee, semester, rythme, principal_location) VALUES (111, 'Biologie', 5, 1, 'COURS', 'Site_C');
INSERT INTO interests (user_id, tag) VALUES (111, 'Danse') ON CONFLICT DO NOTHING;
INSERT INTO interests (user_id, tag) VALUES (111, 'Art') ON CONFLICT DO NOTHING;
INSERT INTO users (id, nom, prenom, email, role) VALUES (112, 'Nom_ETU0013', 'Prenom_ETU0013', 'etu0013@univ.cm', 'USER');
INSERT INTO profile_contexts (user_id, filiere, annee, semester, rythme, principal_location) VALUES (112, 'Génie Civil', 3, 1, 'COURS', 'Site_B');
INSERT INTO users (id, nom, prenom, email, role) VALUES (113, 'Nom_ETU0014', 'Prenom_ETU0014', 'etu0014@univ.cm', 'USER');
INSERT INTO profile_contexts (user_id, filiere, annee, semester, rythme, principal_location) VALUES (113, 'Commerce', 5, 1, 'COURS', 'Site_B');
INSERT INTO users (id, nom, prenom, email, role) VALUES (114, 'Nom_ETU0015', 'Prenom_ETU0015', 'etu0015@univ.cm', 'USER');
INSERT INTO profile_contexts (user_id, filiere, annee, semester, rythme, principal_location) VALUES (114, 'Informatique', 1, 1, 'COURS', 'Site_B');
INSERT INTO interests (user_id, tag) VALUES (114, 'Lecture') ON CONFLICT DO NOTHING;
INSERT INTO interests (user_id, tag) VALUES (114, 'Politique') ON CONFLICT DO NOTHING;
INSERT INTO users (id, nom, prenom, email, role) VALUES (115, 'Nom_ETU0016', 'Prenom_ETU0016', 'etu0016@univ.cm', 'USER');
INSERT INTO profile_contexts (user_id, filiere, annee, semester, rythme, principal_location) VALUES (115, 'Commerce', 2, 1, 'STAGE', 'Site_B');
INSERT INTO users (id, nom, prenom, email, role) VALUES (116, 'Nom_ETU0017', 'Prenom_ETU0017', 'etu0017@univ.cm', 'USER');
INSERT INTO profile_contexts (user_id, filiere, annee, semester, rythme, principal_location) VALUES (116, 'Commerce', 2, 1, 'STAGE', 'Site_B');
INSERT INTO interests (user_id, tag) VALUES (116, 'Photographie') ON CONFLICT DO NOTHING;
INSERT INTO interests (user_id, tag) VALUES (116, 'Entrepreneuriat') ON CONFLICT DO NOTHING;
INSERT INTO interests (user_id, tag) VALUES (116, 'Langues') ON CONFLICT DO NOTHING;
INSERT INTO interests (user_id, tag) VALUES (116, 'Musique') ON CONFLICT DO NOTHING;
INSERT INTO users (id, nom, prenom, email, role) VALUES (117, 'Nom_ETU0018', 'Prenom_ETU0018', 'etu0018@univ.cm', 'USER');
INSERT INTO profile_contexts (user_id, filiere, annee, semester, rythme, principal_location) VALUES (117, 'Architecture', 5, 1, 'COURS', 'Site_A');
INSERT INTO users (id, nom, prenom, email, role) VALUES (118, 'Nom_ETU0019', 'Prenom_ETU0019', 'etu0019@univ.cm', 'USER');
INSERT INTO profile_contexts (user_id, filiere, annee, semester, rythme, principal_location) VALUES (118, 'Informatique', 3, 1, 'COURS', 'Site_A');
INSERT INTO users (id, nom, prenom, email, role) VALUES (119, 'Nom_ETU0020', 'Prenom_ETU0020', 'etu0020@univ.cm', 'USER');
INSERT INTO profile_contexts (user_id, filiere, annee, semester, rythme, principal_location) VALUES (119, 'Physique', 4, 1, 'STAGE', 'Site_A');
INSERT INTO users (id, nom, prenom, email, role) VALUES (120, 'Nom_ETU0021', 'Prenom_ETU0021', 'etu0021@univ.cm', 'USER');
INSERT INTO profile_contexts (user_id, filiere, annee, semester, rythme, principal_location) VALUES (120, 'Génie Civil', 1, 1, 'COURS', 'Site_B');
INSERT INTO users (id, nom, prenom, email, role) VALUES (121, 'Nom_ETU0022', 'Prenom_ETU0022', 'etu0022@univ.cm', 'USER');
INSERT INTO profile_contexts (user_id, filiere, annee, semester, rythme, principal_location) VALUES (121, 'Biologie', 2, 1, 'COURS', 'Site_A');
INSERT INTO users (id, nom, prenom, email, role) VALUES (122, 'Nom_ETU0023', 'Prenom_ETU0023', 'etu0023@univ.cm', 'USER');
INSERT INTO profile_contexts (user_id, filiere, annee, semester, rythme, principal_location) VALUES (122, 'Droit', 2, 1, 'COURS', 'Site_B');
INSERT INTO users (id, nom, prenom, email, role) VALUES (123, 'Nom_ETU0024', 'Prenom_ETU0024', 'etu0024@univ.cm', 'USER');
INSERT INTO profile_contexts (user_id, filiere, annee, semester, rythme, principal_location) VALUES (123, 'Physique', 3, 1, 'STAGE', 'Site_C');
INSERT INTO users (id, nom, prenom, email, role) VALUES (124, 'Nom_ETU0025', 'Prenom_ETU0025', 'etu0025@univ.cm', 'USER');
INSERT INTO profile_contexts (user_id, filiere, annee, semester, rythme, principal_location) VALUES (124, 'Commerce', 1, 1, 'COURS', 'Site_A');
INSERT INTO interests (user_id, tag) VALUES (124, 'Entrepreneuriat') ON CONFLICT DO NOTHING;
INSERT INTO interests (user_id, tag) VALUES (124, 'Coding') ON CONFLICT DO NOTHING;
INSERT INTO interests (user_id, tag) VALUES (124, 'Langues') ON CONFLICT DO NOTHING;
INSERT INTO interests (user_id, tag) VALUES (124, 'Jeux-vidéo') ON CONFLICT DO NOTHING;
INSERT INTO interests (user_id, tag) VALUES (124, 'Sport') ON CONFLICT DO NOTHING;
INSERT INTO users (id, nom, prenom, email, role) VALUES (125, 'Nom_ETU0026', 'Prenom_ETU0026', 'etu0026@univ.cm', 'USER');
INSERT INTO profile_contexts (user_id, filiere, annee, semester, rythme, principal_location) VALUES (125, 'Génie Civil', 2, 1, 'COURS', 'Site_C');
INSERT INTO users (id, nom, prenom, email, role) VALUES (126, 'Nom_ETU0027', 'Prenom_ETU0027', 'etu0027@univ.cm', 'USER');
INSERT INTO profile_contexts (user_id, filiere, annee, semester, rythme, principal_location) VALUES (126, 'Architecture', 5, 1, 'COURS', 'Site_B');
INSERT INTO users (id, nom, prenom, email, role) VALUES (127, 'Nom_ETU0028', 'Prenom_ETU0028', 'etu0028@univ.cm', 'USER');
INSERT INTO profile_contexts (user_id, filiere, annee, semester, rythme, principal_location) VALUES (127, 'Physique', 3, 1, 'COURS', 'Site_A');
INSERT INTO interests (user_id, tag) VALUES (127, 'Politique') ON CONFLICT DO NOTHING;
INSERT INTO interests (user_id, tag) VALUES (127, 'Langues') ON CONFLICT DO NOTHING;
INSERT INTO interests (user_id, tag) VALUES (127, 'Musique') ON CONFLICT DO NOTHING;
INSERT INTO interests (user_id, tag) VALUES (127, 'Gaming') ON CONFLICT DO NOTHING;
INSERT INTO interests (user_id, tag) VALUES (127, 'Entrepreneuriat') ON CONFLICT DO NOTHING;
INSERT INTO users (id, nom, prenom, email, role) VALUES (128, 'Nom_ETU0029', 'Prenom_ETU0029', 'etu0029@univ.cm', 'USER');
INSERT INTO profile_contexts (user_id, filiere, annee, semester, rythme, principal_location) VALUES (128, 'Génie Civil', 2, 1, 'COURS', 'Site_A');
INSERT INTO users (id, nom, prenom, email, role) VALUES (129, 'Nom_ETU0030', 'Prenom_ETU0030', 'etu0030@univ.cm', 'USER');
INSERT INTO profile_contexts (user_id, filiere, annee, semester, rythme, principal_location) VALUES (129, 'Médecine', 3, 1, 'STAGE', 'Site_A');
INSERT INTO users (id, nom, prenom, email, role) VALUES (130, 'Nom_ETU0031', 'Prenom_ETU0031', 'etu0031@univ.cm', 'USER');
INSERT INTO profile_contexts (user_id, filiere, annee, semester, rythme, principal_location) VALUES (130, 'Lettres', 2, 1, 'STAGE', 'Site_B');
INSERT INTO interests (user_id, tag) VALUES (130, 'Cinema') ON CONFLICT DO NOTHING;
INSERT INTO interests (user_id, tag) VALUES (130, 'Coding') ON CONFLICT DO NOTHING;
INSERT INTO interests (user_id, tag) VALUES (130, 'Sport') ON CONFLICT DO NOTHING;
INSERT INTO interests (user_id, tag) VALUES (130, 'Musique') ON CONFLICT DO NOTHING;
INSERT INTO interests (user_id, tag) VALUES (130, 'Danse') ON CONFLICT DO NOTHING;
INSERT INTO users (id, nom, prenom, email, role) VALUES (131, 'Nom_ETU0032', 'Prenom_ETU0032', 'etu0032@univ.cm', 'USER');
INSERT INTO profile_contexts (user_id, filiere, annee, semester, rythme, principal_location) VALUES (131, 'Médecine', 4, 1, 'STAGE', 'Site_B');
INSERT INTO users (id, nom, prenom, email, role) VALUES (132, 'Nom_ETU0033', 'Prenom_ETU0033', 'etu0033@univ.cm', 'USER');
INSERT INTO profile_contexts (user_id, filiere, annee, semester, rythme, principal_location) VALUES (132, 'Médecine', 5, 1, 'STAGE', 'Site_B');
INSERT INTO users (id, nom, prenom, email, role) VALUES (133, 'Nom_ETU0034', 'Prenom_ETU0034', 'etu0034@univ.cm', 'USER');
INSERT INTO profile_contexts (user_id, filiere, annee, semester, rythme, principal_location) VALUES (133, 'Lettres', 1, 1, 'STAGE', 'Site_A');
INSERT INTO interests (user_id, tag) VALUES (133, 'Danse') ON CONFLICT DO NOTHING;
INSERT INTO interests (user_id, tag) VALUES (133, 'Musique') ON CONFLICT DO NOTHING;
INSERT INTO interests (user_id, tag) VALUES (133, 'Voyage') ON CONFLICT DO NOTHING;
INSERT INTO users (id, nom, prenom, email, role) VALUES (134, 'Nom_ETU0035', 'Prenom_ETU0035', 'etu0035@univ.cm', 'USER');
INSERT INTO profile_contexts (user_id, filiere, annee, semester, rythme, principal_location) VALUES (134, 'Biologie', 1, 1, 'COURS', 'Site_B');
INSERT INTO users (id, nom, prenom, email, role) VALUES (135, 'Nom_ETU0036', 'Prenom_ETU0036', 'etu0036@univ.cm', 'USER');
INSERT INTO profile_contexts (user_id, filiere, annee, semester, rythme, principal_location) VALUES (135, 'Informatique', 4, 1, 'COURS', 'Site_B');
INSERT INTO users (id, nom, prenom, email, role) VALUES (136, 'Nom_ETU0037', 'Prenom_ETU0037', 'etu0037@univ.cm', 'USER');
INSERT INTO profile_contexts (user_id, filiere, annee, semester, rythme, principal_location) VALUES (136, 'Lettres', 3, 1, 'COURS', 'Site_B');
INSERT INTO interests (user_id, tag) VALUES (136, 'Danse') ON CONFLICT DO NOTHING;
INSERT INTO interests (user_id, tag) VALUES (136, 'Coding') ON CONFLICT DO NOTHING;
INSERT INTO interests (user_id, tag) VALUES (136, 'Entrepreneuriat') ON CONFLICT DO NOTHING;
INSERT INTO interests (user_id, tag) VALUES (136, 'Voyage') ON CONFLICT DO NOTHING;
INSERT INTO interests (user_id, tag) VALUES (136, 'Sport') ON CONFLICT DO NOTHING;
INSERT INTO users (id, nom, prenom, email, role) VALUES (137, 'Nom_ETU0038', 'Prenom_ETU0038', 'etu0038@univ.cm', 'USER');
INSERT INTO profile_contexts (user_id, filiere, annee, semester, rythme, principal_location) VALUES (137, 'Économie', 1, 1, 'COURS', 'Site_B');
INSERT INTO users (id, nom, prenom, email, role) VALUES (138, 'Nom_ETU0039', 'Prenom_ETU0039', 'etu0039@univ.cm', 'USER');
INSERT INTO profile_contexts (user_id, filiere, annee, semester, rythme, principal_location) VALUES (138, 'Droit', 3, 1, 'COURS', 'Site_B');
INSERT INTO users (id, nom, prenom, email, role) VALUES (139, 'Nom_ETU0040', 'Prenom_ETU0040', 'etu0040@univ.cm', 'USER');
INSERT INTO profile_contexts (user_id, filiere, annee, semester, rythme, principal_location) VALUES (139, 'Lettres', 5, 1, 'STAGE', 'Site_A');
INSERT INTO users (id, nom, prenom, email, role) VALUES (140, 'Nom_ETU0041', 'Prenom_ETU0041', 'etu0041@univ.cm', 'USER');
INSERT INTO profile_contexts (user_id, filiere, annee, semester, rythme, principal_location) VALUES (140, 'Économie', 5, 1, 'STAGE', 'Site_B');
INSERT INTO users (id, nom, prenom, email, role) VALUES (141, 'Nom_ETU0042', 'Prenom_ETU0042', 'etu0042@univ.cm', 'USER');
INSERT INTO profile_contexts (user_id, filiere, annee, semester, rythme, principal_location) VALUES (141, 'Économie', 2, 1, 'STAGE', 'Site_C');
INSERT INTO users (id, nom, prenom, email, role) VALUES (142, 'Nom_ETU0043', 'Prenom_ETU0043', 'etu0043@univ.cm', 'USER');
INSERT INTO profile_contexts (user_id, filiere, annee, semester, rythme, principal_location) VALUES (142, 'Physique', 2, 1, 'STAGE', 'Site_B');
INSERT INTO interests (user_id, tag) VALUES (142, 'Musique') ON CONFLICT DO NOTHING;
INSERT INTO interests (user_id, tag) VALUES (142, 'Coding') ON CONFLICT DO NOTHING;
INSERT INTO interests (user_id, tag) VALUES (142, 'Gaming') ON CONFLICT DO NOTHING;
INSERT INTO interests (user_id, tag) VALUES (142, 'Lecture') ON CONFLICT DO NOTHING;
INSERT INTO users (id, nom, prenom, email, role) VALUES (143, 'Nom_ETU0044', 'Prenom_ETU0044', 'etu0044@univ.cm', 'USER');
INSERT INTO profile_contexts (user_id, filiere, annee, semester, rythme, principal_location) VALUES (143, 'Droit', 4, 1, 'COURS', 'Site_A');
INSERT INTO interests (user_id, tag) VALUES (143, 'Langues') ON CONFLICT DO NOTHING;
INSERT INTO interests (user_id, tag) VALUES (143, 'Danse') ON CONFLICT DO NOTHING;
INSERT INTO interests (user_id, tag) VALUES (143, 'Politique') ON CONFLICT DO NOTHING;
INSERT INTO interests (user_id, tag) VALUES (143, 'Lecture') ON CONFLICT DO NOTHING;
INSERT INTO interests (user_id, tag) VALUES (143, 'Cuisine') ON CONFLICT DO NOTHING;
INSERT INTO users (id, nom, prenom, email, role) VALUES (144, 'Nom_ETU0045', 'Prenom_ETU0045', 'etu0045@univ.cm', 'USER');
INSERT INTO profile_contexts (user_id, filiere, annee, semester, rythme, principal_location) VALUES (144, 'Biologie', 2, 1, 'STAGE', 'Site_C');
INSERT INTO users (id, nom, prenom, email, role) VALUES (145, 'Nom_ETU0046', 'Prenom_ETU0046', 'etu0046@univ.cm', 'USER');
INSERT INTO profile_contexts (user_id, filiere, annee, semester, rythme, principal_location) VALUES (145, 'Médecine', 4, 1, 'STAGE', 'Site_C');
INSERT INTO interests (user_id, tag) VALUES (145, 'Gaming') ON CONFLICT DO NOTHING;
INSERT INTO interests (user_id, tag) VALUES (145, 'Photographie') ON CONFLICT DO NOTHING;
INSERT INTO interests (user_id, tag) VALUES (145, 'Politique') ON CONFLICT DO NOTHING;
INSERT INTO interests (user_id, tag) VALUES (145, 'Art') ON CONFLICT DO NOTHING;
INSERT INTO users (id, nom, prenom, email, role) VALUES (146, 'Nom_ETU0047', 'Prenom_ETU0047', 'etu0047@univ.cm', 'USER');
INSERT INTO profile_contexts (user_id, filiere, annee, semester, rythme, principal_location) VALUES (146, 'Économie', 2, 1, 'STAGE', 'Site_B');
INSERT INTO interests (user_id, tag) VALUES (146, 'Danse') ON CONFLICT DO NOTHING;
INSERT INTO interests (user_id, tag) VALUES (146, 'Lecture') ON CONFLICT DO NOTHING;
INSERT INTO interests (user_id, tag) VALUES (146, 'Cinema') ON CONFLICT DO NOTHING;
INSERT INTO interests (user_id, tag) VALUES (146, 'Photographie') ON CONFLICT DO NOTHING;
INSERT INTO interests (user_id, tag) VALUES (146, 'Musique') ON CONFLICT DO NOTHING;
INSERT INTO users (id, nom, prenom, email, role) VALUES (147, 'Nom_ETU0048', 'Prenom_ETU0048', 'etu0048@univ.cm', 'USER');
INSERT INTO profile_contexts (user_id, filiere, annee, semester, rythme, principal_location) VALUES (147, 'Génie Civil', 2, 1, 'STAGE', 'Site_B');
INSERT INTO users (id, nom, prenom, email, role) VALUES (148, 'Nom_ETU0049', 'Prenom_ETU0049', 'etu0049@univ.cm', 'USER');
INSERT INTO profile_contexts (user_id, filiere, annee, semester, rythme, principal_location) VALUES (148, 'Lettres', 5, 1, 'COURS', 'Site_A');
INSERT INTO users (id, nom, prenom, email, role) VALUES (149, 'Nom_ETU0050', 'Prenom_ETU0050', 'etu0050@univ.cm', 'USER');
INSERT INTO profile_contexts (user_id, filiere, annee, semester, rythme, principal_location) VALUES (149, 'Économie', 4, 1, 'STAGE', 'Site_B');
INSERT INTO interests (user_id, tag) VALUES (149, 'Photographie') ON CONFLICT DO NOTHING;
INSERT INTO interests (user_id, tag) VALUES (149, 'Lecture') ON CONFLICT DO NOTHING;
INSERT INTO interests (user_id, tag) VALUES (149, 'Cinema') ON CONFLICT DO NOTHING;
INSERT INTO users (id, nom, prenom, email, role) VALUES (150, 'Nom_ETU0051', 'Prenom_ETU0051', 'etu0051@univ.cm', 'USER');
INSERT INTO profile_contexts (user_id, filiere, annee, semester, rythme, principal_location) VALUES (150, 'Médecine', 4, 1, 'STAGE', 'Site_C');
INSERT INTO interests (user_id, tag) VALUES (150, 'Langues') ON CONFLICT DO NOTHING;
INSERT INTO interests (user_id, tag) VALUES (150, 'Cuisine') ON CONFLICT DO NOTHING;
INSERT INTO users (id, nom, prenom, email, role) VALUES (151, 'Nom_ETU0052', 'Prenom_ETU0052', 'etu0052@univ.cm', 'USER');
INSERT INTO profile_contexts (user_id, filiere, annee, semester, rythme, principal_location) VALUES (151, 'Physique', 2, 1, 'COURS', 'Site_B');
INSERT INTO users (id, nom, prenom, email, role) VALUES (152, 'Nom_ETU0053', 'Prenom_ETU0053', 'etu0053@univ.cm', 'USER');
INSERT INTO profile_contexts (user_id, filiere, annee, semester, rythme, principal_location) VALUES (152, 'Économie', 4, 1, 'COURS', 'Site_A');
INSERT INTO users (id, nom, prenom, email, role) VALUES (153, 'Nom_ETU0054', 'Prenom_ETU0054', 'etu0054@univ.cm', 'USER');
INSERT INTO profile_contexts (user_id, filiere, annee, semester, rythme, principal_location) VALUES (153, 'Droit', 1, 1, 'COURS', 'Site_C');
INSERT INTO interests (user_id, tag) VALUES (153, 'Lecture') ON CONFLICT DO NOTHING;
INSERT INTO interests (user_id, tag) VALUES (153, 'Langues') ON CONFLICT DO NOTHING;
INSERT INTO users (id, nom, prenom, email, role) VALUES (154, 'Nom_ETU0055', 'Prenom_ETU0055', 'etu0055@univ.cm', 'USER');
INSERT INTO profile_contexts (user_id, filiere, annee, semester, rythme, principal_location) VALUES (154, 'Médecine', 4, 1, 'COURS', 'Site_C');
INSERT INTO interests (user_id, tag) VALUES (154, 'Art') ON CONFLICT DO NOTHING;
INSERT INTO interests (user_id, tag) VALUES (154, 'Cinema') ON CONFLICT DO NOTHING;
INSERT INTO interests (user_id, tag) VALUES (154, 'Gaming') ON CONFLICT DO NOTHING;
INSERT INTO interests (user_id, tag) VALUES (154, 'Voyage') ON CONFLICT DO NOTHING;
INSERT INTO interests (user_id, tag) VALUES (154, 'Jeux-vidéo') ON CONFLICT DO NOTHING;
INSERT INTO users (id, nom, prenom, email, role) VALUES (155, 'Nom_ETU0056', 'Prenom_ETU0056', 'etu0056@univ.cm', 'USER');
INSERT INTO profile_contexts (user_id, filiere, annee, semester, rythme, principal_location) VALUES (155, 'Architecture', 1, 1, 'STAGE', 'Site_C');
INSERT INTO interests (user_id, tag) VALUES (155, 'Cuisine') ON CONFLICT DO NOTHING;
INSERT INTO interests (user_id, tag) VALUES (155, 'Art') ON CONFLICT DO NOTHING;
INSERT INTO interests (user_id, tag) VALUES (155, 'Lecture') ON CONFLICT DO NOTHING;
INSERT INTO interests (user_id, tag) VALUES (155, 'Musique') ON CONFLICT DO NOTHING;
INSERT INTO interests (user_id, tag) VALUES (155, 'Politique') ON CONFLICT DO NOTHING;
INSERT INTO users (id, nom, prenom, email, role) VALUES (156, 'Nom_ETU0057', 'Prenom_ETU0057', 'etu0057@univ.cm', 'USER');
INSERT INTO profile_contexts (user_id, filiere, annee, semester, rythme, principal_location) VALUES (156, 'Informatique', 3, 1, 'COURS', 'Site_C');
INSERT INTO users (id, nom, prenom, email, role) VALUES (157, 'Nom_ETU0058', 'Prenom_ETU0058', 'etu0058@univ.cm', 'USER');
INSERT INTO profile_contexts (user_id, filiere, annee, semester, rythme, principal_location) VALUES (157, 'Biologie', 4, 1, 'STAGE', 'Site_B');
INSERT INTO users (id, nom, prenom, email, role) VALUES (158, 'Nom_ETU0059', 'Prenom_ETU0059', 'etu0059@univ.cm', 'USER');
INSERT INTO profile_contexts (user_id, filiere, annee, semester, rythme, principal_location) VALUES (158, 'Commerce', 4, 1, 'STAGE', 'Site_C');
INSERT INTO users (id, nom, prenom, email, role) VALUES (159, 'Nom_ETU0060', 'Prenom_ETU0060', 'etu0060@univ.cm', 'USER');
INSERT INTO profile_contexts (user_id, filiere, annee, semester, rythme, principal_location) VALUES (159, 'Droit', 4, 1, 'COURS', 'Site_C');
INSERT INTO users (id, nom, prenom, email, role) VALUES (160, 'Nom_ETU0061', 'Prenom_ETU0061', 'etu0061@univ.cm', 'USER');
INSERT INTO profile_contexts (user_id, filiere, annee, semester, rythme, principal_location) VALUES (160, 'Droit', 3, 1, 'COURS', 'Site_B');
INSERT INTO interests (user_id, tag) VALUES (160, 'Entrepreneuriat') ON CONFLICT DO NOTHING;
INSERT INTO interests (user_id, tag) VALUES (160, 'Sport') ON CONFLICT DO NOTHING;
INSERT INTO interests (user_id, tag) VALUES (160, 'Langues') ON CONFLICT DO NOTHING;
INSERT INTO interests (user_id, tag) VALUES (160, 'Lecture') ON CONFLICT DO NOTHING;
INSERT INTO users (id, nom, prenom, email, role) VALUES (161, 'Nom_ETU0062', 'Prenom_ETU0062', 'etu0062@univ.cm', 'USER');
INSERT INTO profile_contexts (user_id, filiere, annee, semester, rythme, principal_location) VALUES (161, 'Commerce', 2, 1, 'STAGE', 'Site_C');
INSERT INTO interests (user_id, tag) VALUES (161, 'Photographie') ON CONFLICT DO NOTHING;
INSERT INTO interests (user_id, tag) VALUES (161, 'Gaming') ON CONFLICT DO NOTHING;
INSERT INTO interests (user_id, tag) VALUES (161, 'Sport') ON CONFLICT DO NOTHING;
INSERT INTO interests (user_id, tag) VALUES (161, 'Musique') ON CONFLICT DO NOTHING;
INSERT INTO interests (user_id, tag) VALUES (161, 'Cinema') ON CONFLICT DO NOTHING;
INSERT INTO users (id, nom, prenom, email, role) VALUES (162, 'Nom_ETU0063', 'Prenom_ETU0063', 'etu0063@univ.cm', 'USER');
INSERT INTO profile_contexts (user_id, filiere, annee, semester, rythme, principal_location) VALUES (162, 'Lettres', 4, 1, 'COURS', 'Site_B');
INSERT INTO users (id, nom, prenom, email, role) VALUES (163, 'Nom_ETU0064', 'Prenom_ETU0064', 'etu0064@univ.cm', 'USER');
INSERT INTO profile_contexts (user_id, filiere, annee, semester, rythme, principal_location) VALUES (163, 'Droit', 1, 1, 'COURS', 'Site_B');
INSERT INTO interests (user_id, tag) VALUES (163, 'Lecture') ON CONFLICT DO NOTHING;
INSERT INTO interests (user_id, tag) VALUES (163, 'Langues') ON CONFLICT DO NOTHING;
INSERT INTO interests (user_id, tag) VALUES (163, 'Art') ON CONFLICT DO NOTHING;
INSERT INTO users (id, nom, prenom, email, role) VALUES (164, 'Nom_ETU0065', 'Prenom_ETU0065', 'etu0065@univ.cm', 'USER');
INSERT INTO profile_contexts (user_id, filiere, annee, semester, rythme, principal_location) VALUES (164, 'Droit', 3, 1, 'STAGE', 'Site_A');
INSERT INTO users (id, nom, prenom, email, role) VALUES (165, 'Nom_ETU0066', 'Prenom_ETU0066', 'etu0066@univ.cm', 'USER');
INSERT INTO profile_contexts (user_id, filiere, annee, semester, rythme, principal_location) VALUES (165, 'Économie', 2, 1, 'COURS', 'Site_B');
INSERT INTO interests (user_id, tag) VALUES (165, 'Politique') ON CONFLICT DO NOTHING;
INSERT INTO interests (user_id, tag) VALUES (165, 'Cinema') ON CONFLICT DO NOTHING;
INSERT INTO users (id, nom, prenom, email, role) VALUES (166, 'Nom_ETU0067', 'Prenom_ETU0067', 'etu0067@univ.cm', 'USER');
INSERT INTO profile_contexts (user_id, filiere, annee, semester, rythme, principal_location) VALUES (166, 'Physique', 1, 1, 'COURS', 'Site_B');
INSERT INTO interests (user_id, tag) VALUES (166, 'Politique') ON CONFLICT DO NOTHING;
INSERT INTO interests (user_id, tag) VALUES (166, 'Danse') ON CONFLICT DO NOTHING;
INSERT INTO users (id, nom, prenom, email, role) VALUES (167, 'Nom_ETU0068', 'Prenom_ETU0068', 'etu0068@univ.cm', 'USER');
INSERT INTO profile_contexts (user_id, filiere, annee, semester, rythme, principal_location) VALUES (167, 'Économie', 1, 1, 'STAGE', 'Site_A');
INSERT INTO interests (user_id, tag) VALUES (167, 'Politique') ON CONFLICT DO NOTHING;
INSERT INTO interests (user_id, tag) VALUES (167, 'Langues') ON CONFLICT DO NOTHING;
INSERT INTO interests (user_id, tag) VALUES (167, 'Gaming') ON CONFLICT DO NOTHING;
INSERT INTO interests (user_id, tag) VALUES (167, 'Coding') ON CONFLICT DO NOTHING;
INSERT INTO interests (user_id, tag) VALUES (167, 'Lecture') ON CONFLICT DO NOTHING;
INSERT INTO users (id, nom, prenom, email, role) VALUES (168, 'Nom_ETU0069', 'Prenom_ETU0069', 'etu0069@univ.cm', 'USER');
INSERT INTO profile_contexts (user_id, filiere, annee, semester, rythme, principal_location) VALUES (168, 'Architecture', 5, 1, 'COURS', 'Site_C');
INSERT INTO users (id, nom, prenom, email, role) VALUES (169, 'Nom_ETU0070', 'Prenom_ETU0070', 'etu0070@univ.cm', 'USER');
INSERT INTO profile_contexts (user_id, filiere, annee, semester, rythme, principal_location) VALUES (169, 'Droit', 2, 1, 'COURS', 'Site_A');
INSERT INTO users (id, nom, prenom, email, role) VALUES (170, 'Nom_ETU0071', 'Prenom_ETU0071', 'etu0071@univ.cm', 'USER');
INSERT INTO profile_contexts (user_id, filiere, annee, semester, rythme, principal_location) VALUES (170, 'Économie', 4, 1, 'COURS', 'Site_A');
INSERT INTO users (id, nom, prenom, email, role) VALUES (171, 'Nom_ETU0072', 'Prenom_ETU0072', 'etu0072@univ.cm', 'USER');
INSERT INTO profile_contexts (user_id, filiere, annee, semester, rythme, principal_location) VALUES (171, 'Médecine', 3, 1, 'COURS', 'Site_A');
INSERT INTO interests (user_id, tag) VALUES (171, 'Gaming') ON CONFLICT DO NOTHING;
INSERT INTO interests (user_id, tag) VALUES (171, 'Cinema') ON CONFLICT DO NOTHING;
INSERT INTO interests (user_id, tag) VALUES (171, 'Politique') ON CONFLICT DO NOTHING;
INSERT INTO users (id, nom, prenom, email, role) VALUES (172, 'Nom_ETU0073', 'Prenom_ETU0073', 'etu0073@univ.cm', 'USER');
INSERT INTO profile_contexts (user_id, filiere, annee, semester, rythme, principal_location) VALUES (172, 'Biologie', 3, 1, 'COURS', 'Site_B');
INSERT INTO users (id, nom, prenom, email, role) VALUES (173, 'Nom_ETU0074', 'Prenom_ETU0074', 'etu0074@univ.cm', 'USER');
INSERT INTO profile_contexts (user_id, filiere, annee, semester, rythme, principal_location) VALUES (173, 'Lettres', 5, 1, 'COURS', 'Site_A');
INSERT INTO users (id, nom, prenom, email, role) VALUES (174, 'Nom_ETU0075', 'Prenom_ETU0075', 'etu0075@univ.cm', 'USER');
INSERT INTO profile_contexts (user_id, filiere, annee, semester, rythme, principal_location) VALUES (174, 'Physique', 5, 1, 'COURS', 'Site_B');
INSERT INTO interests (user_id, tag) VALUES (174, 'Danse') ON CONFLICT DO NOTHING;
INSERT INTO interests (user_id, tag) VALUES (174, 'Coding') ON CONFLICT DO NOTHING;
INSERT INTO interests (user_id, tag) VALUES (174, 'Photographie') ON CONFLICT DO NOTHING;
INSERT INTO interests (user_id, tag) VALUES (174, 'Musique') ON CONFLICT DO NOTHING;
INSERT INTO interests (user_id, tag) VALUES (174, 'Gaming') ON CONFLICT DO NOTHING;
INSERT INTO users (id, nom, prenom, email, role) VALUES (175, 'Nom_ETU0076', 'Prenom_ETU0076', 'etu0076@univ.cm', 'USER');
INSERT INTO profile_contexts (user_id, filiere, annee, semester, rythme, principal_location) VALUES (175, 'Lettres', 4, 1, 'STAGE', 'Site_B');
INSERT INTO interests (user_id, tag) VALUES (175, 'Coding') ON CONFLICT DO NOTHING;
INSERT INTO interests (user_id, tag) VALUES (175, 'Gaming') ON CONFLICT DO NOTHING;
INSERT INTO interests (user_id, tag) VALUES (175, 'Entrepreneuriat') ON CONFLICT DO NOTHING;
INSERT INTO interests (user_id, tag) VALUES (175, 'Sport') ON CONFLICT DO NOTHING;
INSERT INTO interests (user_id, tag) VALUES (175, 'Photographie') ON CONFLICT DO NOTHING;
INSERT INTO users (id, nom, prenom, email, role) VALUES (176, 'Nom_ETU0077', 'Prenom_ETU0077', 'etu0077@univ.cm', 'USER');
INSERT INTO profile_contexts (user_id, filiere, annee, semester, rythme, principal_location) VALUES (176, 'Génie Civil', 4, 1, 'STAGE', 'Site_A');
INSERT INTO interests (user_id, tag) VALUES (176, 'Cuisine') ON CONFLICT DO NOTHING;
INSERT INTO interests (user_id, tag) VALUES (176, 'Sport') ON CONFLICT DO NOTHING;
INSERT INTO interests (user_id, tag) VALUES (176, 'Lecture') ON CONFLICT DO NOTHING;
INSERT INTO interests (user_id, tag) VALUES (176, 'Entrepreneuriat') ON CONFLICT DO NOTHING;
INSERT INTO interests (user_id, tag) VALUES (176, 'Voyage') ON CONFLICT DO NOTHING;
INSERT INTO users (id, nom, prenom, email, role) VALUES (177, 'Nom_ETU0078', 'Prenom_ETU0078', 'etu0078@univ.cm', 'USER');
INSERT INTO profile_contexts (user_id, filiere, annee, semester, rythme, principal_location) VALUES (177, 'Physique', 4, 1, 'STAGE', 'Site_C');
INSERT INTO users (id, nom, prenom, email, role) VALUES (178, 'Nom_ETU0079', 'Prenom_ETU0079', 'etu0079@univ.cm', 'USER');
INSERT INTO profile_contexts (user_id, filiere, annee, semester, rythme, principal_location) VALUES (178, 'Biologie', 1, 1, 'COURS', 'Site_A');
INSERT INTO users (id, nom, prenom, email, role) VALUES (179, 'Nom_ETU0080', 'Prenom_ETU0080', 'etu0080@univ.cm', 'USER');
INSERT INTO profile_contexts (user_id, filiere, annee, semester, rythme, principal_location) VALUES (179, 'Économie', 5, 1, 'COURS', 'Site_B');
INSERT INTO interests (user_id, tag) VALUES (179, 'Lecture') ON CONFLICT DO NOTHING;
INSERT INTO interests (user_id, tag) VALUES (179, 'Photographie') ON CONFLICT DO NOTHING;
INSERT INTO interests (user_id, tag) VALUES (179, 'Entrepreneuriat') ON CONFLICT DO NOTHING;
INSERT INTO interests (user_id, tag) VALUES (179, 'Jeux-vidéo') ON CONFLICT DO NOTHING;
INSERT INTO interests (user_id, tag) VALUES (179, 'Cuisine') ON CONFLICT DO NOTHING;
INSERT INTO users (id, nom, prenom, email, role) VALUES (180, 'Nom_ETU0081', 'Prenom_ETU0081', 'etu0081@univ.cm', 'USER');
INSERT INTO profile_contexts (user_id, filiere, annee, semester, rythme, principal_location) VALUES (180, 'Économie', 4, 1, 'COURS', 'Site_C');
INSERT INTO users (id, nom, prenom, email, role) VALUES (181, 'Nom_ETU0082', 'Prenom_ETU0082', 'etu0082@univ.cm', 'USER');
INSERT INTO profile_contexts (user_id, filiere, annee, semester, rythme, principal_location) VALUES (181, 'Architecture', 4, 1, 'STAGE', 'Site_B');
INSERT INTO interests (user_id, tag) VALUES (181, 'Voyage') ON CONFLICT DO NOTHING;
INSERT INTO interests (user_id, tag) VALUES (181, 'Langues') ON CONFLICT DO NOTHING;
INSERT INTO interests (user_id, tag) VALUES (181, 'Entrepreneuriat') ON CONFLICT DO NOTHING;
INSERT INTO interests (user_id, tag) VALUES (181, 'Gaming') ON CONFLICT DO NOTHING;
INSERT INTO interests (user_id, tag) VALUES (181, 'Cuisine') ON CONFLICT DO NOTHING;
INSERT INTO users (id, nom, prenom, email, role) VALUES (182, 'Nom_ETU0083', 'Prenom_ETU0083', 'etu0083@univ.cm', 'USER');
INSERT INTO profile_contexts (user_id, filiere, annee, semester, rythme, principal_location) VALUES (182, 'Biologie', 1, 1, 'STAGE', 'Site_B');
INSERT INTO users (id, nom, prenom, email, role) VALUES (183, 'Nom_ETU0084', 'Prenom_ETU0084', 'etu0084@univ.cm', 'USER');
INSERT INTO profile_contexts (user_id, filiere, annee, semester, rythme, principal_location) VALUES (183, 'Architecture', 3, 1, 'COURS', 'Site_B');
INSERT INTO interests (user_id, tag) VALUES (183, 'Sport') ON CONFLICT DO NOTHING;
INSERT INTO interests (user_id, tag) VALUES (183, 'Art') ON CONFLICT DO NOTHING;
INSERT INTO interests (user_id, tag) VALUES (183, 'Jeux-vidéo') ON CONFLICT DO NOTHING;
INSERT INTO interests (user_id, tag) VALUES (183, 'Cuisine') ON CONFLICT DO NOTHING;
INSERT INTO interests (user_id, tag) VALUES (183, 'Danse') ON CONFLICT DO NOTHING;
INSERT INTO users (id, nom, prenom, email, role) VALUES (184, 'Nom_ETU0085', 'Prenom_ETU0085', 'etu0085@univ.cm', 'USER');
INSERT INTO profile_contexts (user_id, filiere, annee, semester, rythme, principal_location) VALUES (184, 'Architecture', 4, 1, 'STAGE', 'Site_B');
INSERT INTO interests (user_id, tag) VALUES (184, 'Voyage') ON CONFLICT DO NOTHING;
INSERT INTO interests (user_id, tag) VALUES (184, 'Danse') ON CONFLICT DO NOTHING;
INSERT INTO interests (user_id, tag) VALUES (184, 'Art') ON CONFLICT DO NOTHING;
INSERT INTO interests (user_id, tag) VALUES (184, 'Photographie') ON CONFLICT DO NOTHING;
INSERT INTO interests (user_id, tag) VALUES (184, 'Entrepreneuriat') ON CONFLICT DO NOTHING;
INSERT INTO users (id, nom, prenom, email, role) VALUES (185, 'Nom_ETU0086', 'Prenom_ETU0086', 'etu0086@univ.cm', 'USER');
INSERT INTO profile_contexts (user_id, filiere, annee, semester, rythme, principal_location) VALUES (185, 'Économie', 2, 1, 'COURS', 'Site_B');
INSERT INTO interests (user_id, tag) VALUES (185, 'Photographie') ON CONFLICT DO NOTHING;
INSERT INTO interests (user_id, tag) VALUES (185, 'Jeux-vidéo') ON CONFLICT DO NOTHING;
INSERT INTO users (id, nom, prenom, email, role) VALUES (186, 'Nom_ETU0087', 'Prenom_ETU0087', 'etu0087@univ.cm', 'USER');
INSERT INTO profile_contexts (user_id, filiere, annee, semester, rythme, principal_location) VALUES (186, 'Lettres', 3, 1, 'STAGE', 'Site_A');
INSERT INTO users (id, nom, prenom, email, role) VALUES (187, 'Nom_ETU0088', 'Prenom_ETU0088', 'etu0088@univ.cm', 'USER');
INSERT INTO profile_contexts (user_id, filiere, annee, semester, rythme, principal_location) VALUES (187, 'Biologie', 5, 1, 'STAGE', 'Site_B');
INSERT INTO interests (user_id, tag) VALUES (187, 'Lecture') ON CONFLICT DO NOTHING;
INSERT INTO interests (user_id, tag) VALUES (187, 'Photographie') ON CONFLICT DO NOTHING;
INSERT INTO interests (user_id, tag) VALUES (187, 'Danse') ON CONFLICT DO NOTHING;
INSERT INTO users (id, nom, prenom, email, role) VALUES (188, 'Nom_ETU0089', 'Prenom_ETU0089', 'etu0089@univ.cm', 'USER');
INSERT INTO profile_contexts (user_id, filiere, annee, semester, rythme, principal_location) VALUES (188, 'Commerce', 2, 1, 'STAGE', 'Site_B');
INSERT INTO users (id, nom, prenom, email, role) VALUES (189, 'Nom_ETU0090', 'Prenom_ETU0090', 'etu0090@univ.cm', 'USER');
INSERT INTO profile_contexts (user_id, filiere, annee, semester, rythme, principal_location) VALUES (189, 'Biologie', 4, 1, 'STAGE', 'Site_B');
INSERT INTO users (id, nom, prenom, email, role) VALUES (190, 'Nom_ETU0091', 'Prenom_ETU0091', 'etu0091@univ.cm', 'USER');
INSERT INTO profile_contexts (user_id, filiere, annee, semester, rythme, principal_location) VALUES (190, 'Biologie', 3, 1, 'STAGE', 'Site_C');
INSERT INTO users (id, nom, prenom, email, role) VALUES (191, 'Nom_ETU0092', 'Prenom_ETU0092', 'etu0092@univ.cm', 'USER');
INSERT INTO profile_contexts (user_id, filiere, annee, semester, rythme, principal_location) VALUES (191, 'Économie', 2, 1, 'COURS', 'Site_B');
INSERT INTO interests (user_id, tag) VALUES (191, 'Politique') ON CONFLICT DO NOTHING;
INSERT INTO interests (user_id, tag) VALUES (191, 'Cinema') ON CONFLICT DO NOTHING;
INSERT INTO interests (user_id, tag) VALUES (191, 'Danse') ON CONFLICT DO NOTHING;
INSERT INTO users (id, nom, prenom, email, role) VALUES (192, 'Nom_ETU0093', 'Prenom_ETU0093', 'etu0093@univ.cm', 'USER');
INSERT INTO profile_contexts (user_id, filiere, annee, semester, rythme, principal_location) VALUES (192, 'Informatique', 5, 1, 'COURS', 'Site_A');
INSERT INTO users (id, nom, prenom, email, role) VALUES (193, 'Nom_ETU0094', 'Prenom_ETU0094', 'etu0094@univ.cm', 'USER');
INSERT INTO profile_contexts (user_id, filiere, annee, semester, rythme, principal_location) VALUES (193, 'Commerce', 3, 1, 'COURS', 'Site_B');
INSERT INTO users (id, nom, prenom, email, role) VALUES (194, 'Nom_ETU0095', 'Prenom_ETU0095', 'etu0095@univ.cm', 'USER');
INSERT INTO profile_contexts (user_id, filiere, annee, semester, rythme, principal_location) VALUES (194, 'Génie Civil', 2, 1, 'STAGE', 'Site_A');
INSERT INTO interests (user_id, tag) VALUES (194, 'Coding') ON CONFLICT DO NOTHING;
INSERT INTO interests (user_id, tag) VALUES (194, 'Gaming') ON CONFLICT DO NOTHING;
INSERT INTO interests (user_id, tag) VALUES (194, 'Entrepreneuriat') ON CONFLICT DO NOTHING;
INSERT INTO interests (user_id, tag) VALUES (194, 'Voyage') ON CONFLICT DO NOTHING;
INSERT INTO interests (user_id, tag) VALUES (194, 'Musique') ON CONFLICT DO NOTHING;
INSERT INTO users (id, nom, prenom, email, role) VALUES (195, 'Nom_ETU0096', 'Prenom_ETU0096', 'etu0096@univ.cm', 'USER');
INSERT INTO profile_contexts (user_id, filiere, annee, semester, rythme, principal_location) VALUES (195, 'Architecture', 4, 1, 'COURS', 'Site_B');
INSERT INTO interests (user_id, tag) VALUES (195, 'Photographie') ON CONFLICT DO NOTHING;
INSERT INTO interests (user_id, tag) VALUES (195, 'Sport') ON CONFLICT DO NOTHING;
INSERT INTO interests (user_id, tag) VALUES (195, 'Politique') ON CONFLICT DO NOTHING;
INSERT INTO users (id, nom, prenom, email, role) VALUES (196, 'Nom_ETU0097', 'Prenom_ETU0097', 'etu0097@univ.cm', 'USER');
INSERT INTO profile_contexts (user_id, filiere, annee, semester, rythme, principal_location) VALUES (196, 'Économie', 4, 1, 'COURS', 'Site_A');
INSERT INTO users (id, nom, prenom, email, role) VALUES (197, 'Nom_ETU0098', 'Prenom_ETU0098', 'etu0098@univ.cm', 'USER');
INSERT INTO profile_contexts (user_id, filiere, annee, semester, rythme, principal_location) VALUES (197, 'Médecine', 4, 1, 'STAGE', 'Site_C');
INSERT INTO users (id, nom, prenom, email, role) VALUES (198, 'Nom_ETU0099', 'Prenom_ETU0099', 'etu0099@univ.cm', 'USER');
INSERT INTO profile_contexts (user_id, filiere, annee, semester, rythme, principal_location) VALUES (198, 'Architecture', 4, 1, 'COURS', 'Site_B');
INSERT INTO interests (user_id, tag) VALUES (198, 'Lecture') ON CONFLICT DO NOTHING;
INSERT INTO interests (user_id, tag) VALUES (198, 'Photographie') ON CONFLICT DO NOTHING;
INSERT INTO interests (user_id, tag) VALUES (198, 'Coding') ON CONFLICT DO NOTHING;
INSERT INTO interests (user_id, tag) VALUES (198, 'Langues') ON CONFLICT DO NOTHING;
INSERT INTO users (id, nom, prenom, email, role) VALUES (199, 'Nom_ETU0100', 'Prenom_ETU0100', 'etu0100@univ.cm', 'USER');
INSERT INTO profile_contexts (user_id, filiere, annee, semester, rythme, principal_location) VALUES (199, 'Économie', 2, 1, 'COURS', 'Site_B');
INSERT INTO interests (user_id, tag) VALUES (199, 'Danse') ON CONFLICT DO NOTHING;
INSERT INTO interests (user_id, tag) VALUES (199, 'Langues') ON CONFLICT DO NOTHING;
INSERT INTO interests (user_id, tag) VALUES (199, 'Politique') ON CONFLICT DO NOTHING;
INSERT INTO users (id, nom, prenom, email, role) VALUES (200, 'Nom_ETU0101', 'Prenom_ETU0101', 'etu0101@univ.cm', 'USER');
INSERT INTO profile_contexts (user_id, filiere, annee, semester, rythme, principal_location) VALUES (200, 'Médecine', 5, 1, 'COURS', 'Site_C');
INSERT INTO users (id, nom, prenom, email, role) VALUES (201, 'Nom_ETU0102', 'Prenom_ETU0102', 'etu0102@univ.cm', 'USER');
INSERT INTO profile_contexts (user_id, filiere, annee, semester, rythme, principal_location) VALUES (201, 'Informatique', 3, 1, 'COURS', 'Site_A');
INSERT INTO interests (user_id, tag) VALUES (201, 'Gaming') ON CONFLICT DO NOTHING;
INSERT INTO interests (user_id, tag) VALUES (201, 'Jeux-vidéo') ON CONFLICT DO NOTHING;
INSERT INTO interests (user_id, tag) VALUES (201, 'Musique') ON CONFLICT DO NOTHING;
INSERT INTO interests (user_id, tag) VALUES (201, 'Danse') ON CONFLICT DO NOTHING;
INSERT INTO users (id, nom, prenom, email, role) VALUES (202, 'Nom_ETU0103', 'Prenom_ETU0103', 'etu0103@univ.cm', 'USER');
INSERT INTO profile_contexts (user_id, filiere, annee, semester, rythme, principal_location) VALUES (202, 'Droit', 5, 1, 'COURS', 'Site_A');
INSERT INTO users (id, nom, prenom, email, role) VALUES (203, 'Nom_ETU0104', 'Prenom_ETU0104', 'etu0104@univ.cm', 'USER');
INSERT INTO profile_contexts (user_id, filiere, annee, semester, rythme, principal_location) VALUES (203, 'Génie Civil', 1, 1, 'STAGE', 'Site_B');
INSERT INTO users (id, nom, prenom, email, role) VALUES (204, 'Nom_ETU0105', 'Prenom_ETU0105', 'etu0105@univ.cm', 'USER');
INSERT INTO profile_contexts (user_id, filiere, annee, semester, rythme, principal_location) VALUES (204, 'Informatique', 5, 1, 'COURS', 'Site_C');
INSERT INTO users (id, nom, prenom, email, role) VALUES (205, 'Nom_ETU0106', 'Prenom_ETU0106', 'etu0106@univ.cm', 'USER');
INSERT INTO profile_contexts (user_id, filiere, annee, semester, rythme, principal_location) VALUES (205, 'Génie Civil', 4, 1, 'COURS', 'Site_B');
INSERT INTO interests (user_id, tag) VALUES (205, 'Voyage') ON CONFLICT DO NOTHING;
INSERT INTO interests (user_id, tag) VALUES (205, 'Politique') ON CONFLICT DO NOTHING;
INSERT INTO users (id, nom, prenom, email, role) VALUES (206, 'Nom_ETU0107', 'Prenom_ETU0107', 'etu0107@univ.cm', 'USER');
INSERT INTO profile_contexts (user_id, filiere, annee, semester, rythme, principal_location) VALUES (206, 'Architecture', 5, 1, 'STAGE', 'Site_B');
INSERT INTO interests (user_id, tag) VALUES (206, 'Photographie') ON CONFLICT DO NOTHING;
INSERT INTO interests (user_id, tag) VALUES (206, 'Entrepreneuriat') ON CONFLICT DO NOTHING;
INSERT INTO interests (user_id, tag) VALUES (206, 'Politique') ON CONFLICT DO NOTHING;
INSERT INTO interests (user_id, tag) VALUES (206, 'Cuisine') ON CONFLICT DO NOTHING;
INSERT INTO users (id, nom, prenom, email, role) VALUES (207, 'Nom_ETU0108', 'Prenom_ETU0108', 'etu0108@univ.cm', 'USER');
INSERT INTO profile_contexts (user_id, filiere, annee, semester, rythme, principal_location) VALUES (207, 'Physique', 2, 1, 'COURS', 'Site_B');
INSERT INTO users (id, nom, prenom, email, role) VALUES (208, 'Nom_ETU0109', 'Prenom_ETU0109', 'etu0109@univ.cm', 'USER');
INSERT INTO profile_contexts (user_id, filiere, annee, semester, rythme, principal_location) VALUES (208, 'Médecine', 4, 1, 'COURS', 'Site_A');
INSERT INTO users (id, nom, prenom, email, role) VALUES (209, 'Nom_ETU0110', 'Prenom_ETU0110', 'etu0110@univ.cm', 'USER');
INSERT INTO profile_contexts (user_id, filiere, annee, semester, rythme, principal_location) VALUES (209, 'Commerce', 5, 1, 'COURS', 'Site_A');
INSERT INTO users (id, nom, prenom, email, role) VALUES (210, 'Nom_ETU0111', 'Prenom_ETU0111', 'etu0111@univ.cm', 'USER');
INSERT INTO profile_contexts (user_id, filiere, annee, semester, rythme, principal_location) VALUES (210, 'Génie Civil', 5, 1, 'STAGE', 'Site_A');
INSERT INTO users (id, nom, prenom, email, role) VALUES (211, 'Nom_ETU0112', 'Prenom_ETU0112', 'etu0112@univ.cm', 'USER');
INSERT INTO profile_contexts (user_id, filiere, annee, semester, rythme, principal_location) VALUES (211, 'Économie', 5, 1, 'STAGE', 'Site_B');
INSERT INTO users (id, nom, prenom, email, role) VALUES (212, 'Nom_ETU0113', 'Prenom_ETU0113', 'etu0113@univ.cm', 'USER');
INSERT INTO profile_contexts (user_id, filiere, annee, semester, rythme, principal_location) VALUES (212, 'Médecine', 3, 1, 'COURS', 'Site_B');
INSERT INTO interests (user_id, tag) VALUES (212, 'Sport') ON CONFLICT DO NOTHING;
INSERT INTO interests (user_id, tag) VALUES (212, 'Jeux-vidéo') ON CONFLICT DO NOTHING;
INSERT INTO interests (user_id, tag) VALUES (212, 'Coding') ON CONFLICT DO NOTHING;
INSERT INTO interests (user_id, tag) VALUES (212, 'Politique') ON CONFLICT DO NOTHING;
INSERT INTO users (id, nom, prenom, email, role) VALUES (213, 'Nom_ETU0114', 'Prenom_ETU0114', 'etu0114@univ.cm', 'USER');
INSERT INTO profile_contexts (user_id, filiere, annee, semester, rythme, principal_location) VALUES (213, 'Biologie', 4, 1, 'COURS', 'Site_B');
INSERT INTO users (id, nom, prenom, email, role) VALUES (214, 'Nom_ETU0115', 'Prenom_ETU0115', 'etu0115@univ.cm', 'USER');
INSERT INTO profile_contexts (user_id, filiere, annee, semester, rythme, principal_location) VALUES (214, 'Architecture', 1, 1, 'COURS', 'Site_B');
INSERT INTO interests (user_id, tag) VALUES (214, 'Photographie') ON CONFLICT DO NOTHING;
INSERT INTO interests (user_id, tag) VALUES (214, 'Politique') ON CONFLICT DO NOTHING;
INSERT INTO interests (user_id, tag) VALUES (214, 'Langues') ON CONFLICT DO NOTHING;
INSERT INTO interests (user_id, tag) VALUES (214, 'Cuisine') ON CONFLICT DO NOTHING;
INSERT INTO interests (user_id, tag) VALUES (214, 'Cinema') ON CONFLICT DO NOTHING;
INSERT INTO users (id, nom, prenom, email, role) VALUES (215, 'Nom_ETU0116', 'Prenom_ETU0116', 'etu0116@univ.cm', 'USER');
INSERT INTO profile_contexts (user_id, filiere, annee, semester, rythme, principal_location) VALUES (215, 'Génie Civil', 3, 1, 'COURS', 'Site_C');
INSERT INTO interests (user_id, tag) VALUES (215, 'Sport') ON CONFLICT DO NOTHING;
INSERT INTO interests (user_id, tag) VALUES (215, 'Lecture') ON CONFLICT DO NOTHING;
INSERT INTO interests (user_id, tag) VALUES (215, 'Cuisine') ON CONFLICT DO NOTHING;
INSERT INTO interests (user_id, tag) VALUES (215, 'Politique') ON CONFLICT DO NOTHING;
INSERT INTO users (id, nom, prenom, email, role) VALUES (216, 'Nom_ETU0117', 'Prenom_ETU0117', 'etu0117@univ.cm', 'USER');
INSERT INTO profile_contexts (user_id, filiere, annee, semester, rythme, principal_location) VALUES (216, 'Droit', 2, 1, 'COURS', 'Site_B');
INSERT INTO interests (user_id, tag) VALUES (216, 'Sport') ON CONFLICT DO NOTHING;
INSERT INTO interests (user_id, tag) VALUES (216, 'Photographie') ON CONFLICT DO NOTHING;
INSERT INTO users (id, nom, prenom, email, role) VALUES (217, 'Nom_ETU0118', 'Prenom_ETU0118', 'etu0118@univ.cm', 'USER');
INSERT INTO profile_contexts (user_id, filiere, annee, semester, rythme, principal_location) VALUES (217, 'Commerce', 3, 1, 'COURS', 'Site_C');
INSERT INTO users (id, nom, prenom, email, role) VALUES (218, 'Nom_ETU0119', 'Prenom_ETU0119', 'etu0119@univ.cm', 'USER');
INSERT INTO profile_contexts (user_id, filiere, annee, semester, rythme, principal_location) VALUES (218, 'Biologie', 5, 1, 'COURS', 'Site_C');
INSERT INTO users (id, nom, prenom, email, role) VALUES (219, 'Nom_ETU0120', 'Prenom_ETU0120', 'etu0120@univ.cm', 'USER');
INSERT INTO profile_contexts (user_id, filiere, annee, semester, rythme, principal_location) VALUES (219, 'Architecture', 4, 1, 'COURS', 'Site_B');
INSERT INTO interests (user_id, tag) VALUES (219, 'Coding') ON CONFLICT DO NOTHING;
INSERT INTO interests (user_id, tag) VALUES (219, 'Musique') ON CONFLICT DO NOTHING;
INSERT INTO interests (user_id, tag) VALUES (219, 'Lecture') ON CONFLICT DO NOTHING;
INSERT INTO interests (user_id, tag) VALUES (219, 'Cuisine') ON CONFLICT DO NOTHING;
INSERT INTO interests (user_id, tag) VALUES (219, 'Politique') ON CONFLICT DO NOTHING;
INSERT INTO users (id, nom, prenom, email, role) VALUES (220, 'Nom_ETU0121', 'Prenom_ETU0121', 'etu0121@univ.cm', 'USER');
INSERT INTO profile_contexts (user_id, filiere, annee, semester, rythme, principal_location) VALUES (220, 'Lettres', 2, 1, 'COURS', 'Site_A');
INSERT INTO users (id, nom, prenom, email, role) VALUES (221, 'Nom_ETU0122', 'Prenom_ETU0122', 'etu0122@univ.cm', 'USER');
INSERT INTO profile_contexts (user_id, filiere, annee, semester, rythme, principal_location) VALUES (221, 'Lettres', 2, 1, 'COURS', 'Site_A');
INSERT INTO users (id, nom, prenom, email, role) VALUES (222, 'Nom_ETU0123', 'Prenom_ETU0123', 'etu0123@univ.cm', 'USER');
INSERT INTO profile_contexts (user_id, filiere, annee, semester, rythme, principal_location) VALUES (222, 'Physique', 4, 1, 'COURS', 'Site_C');
INSERT INTO interests (user_id, tag) VALUES (222, 'Coding') ON CONFLICT DO NOTHING;
INSERT INTO interests (user_id, tag) VALUES (222, 'Danse') ON CONFLICT DO NOTHING;
INSERT INTO interests (user_id, tag) VALUES (222, 'Voyage') ON CONFLICT DO NOTHING;
INSERT INTO interests (user_id, tag) VALUES (222, 'Jeux-vidéo') ON CONFLICT DO NOTHING;
INSERT INTO users (id, nom, prenom, email, role) VALUES (223, 'Nom_ETU0124', 'Prenom_ETU0124', 'etu0124@univ.cm', 'USER');
INSERT INTO profile_contexts (user_id, filiere, annee, semester, rythme, principal_location) VALUES (223, 'Architecture', 1, 1, 'COURS', 'Site_A');
INSERT INTO users (id, nom, prenom, email, role) VALUES (224, 'Nom_ETU0125', 'Prenom_ETU0125', 'etu0125@univ.cm', 'USER');
INSERT INTO profile_contexts (user_id, filiere, annee, semester, rythme, principal_location) VALUES (224, 'Génie Civil', 5, 1, 'COURS', 'Site_B');
INSERT INTO users (id, nom, prenom, email, role) VALUES (225, 'Nom_ETU0126', 'Prenom_ETU0126', 'etu0126@univ.cm', 'USER');
INSERT INTO profile_contexts (user_id, filiere, annee, semester, rythme, principal_location) VALUES (225, 'Architecture', 4, 1, 'COURS', 'Site_A');
INSERT INTO users (id, nom, prenom, email, role) VALUES (226, 'Nom_ETU0127', 'Prenom_ETU0127', 'etu0127@univ.cm', 'USER');
INSERT INTO profile_contexts (user_id, filiere, annee, semester, rythme, principal_location) VALUES (226, 'Médecine', 1, 1, 'COURS', 'Site_B');
INSERT INTO users (id, nom, prenom, email, role) VALUES (227, 'Nom_ETU0128', 'Prenom_ETU0128', 'etu0128@univ.cm', 'USER');
INSERT INTO profile_contexts (user_id, filiere, annee, semester, rythme, principal_location) VALUES (227, 'Biologie', 3, 1, 'STAGE', 'Site_A');
INSERT INTO interests (user_id, tag) VALUES (227, 'Musique') ON CONFLICT DO NOTHING;
INSERT INTO interests (user_id, tag) VALUES (227, 'Voyage') ON CONFLICT DO NOTHING;
INSERT INTO interests (user_id, tag) VALUES (227, 'Langues') ON CONFLICT DO NOTHING;
INSERT INTO interests (user_id, tag) VALUES (227, 'Entrepreneuriat') ON CONFLICT DO NOTHING;
INSERT INTO users (id, nom, prenom, email, role) VALUES (228, 'Nom_ETU0129', 'Prenom_ETU0129', 'etu0129@univ.cm', 'USER');
INSERT INTO profile_contexts (user_id, filiere, annee, semester, rythme, principal_location) VALUES (228, 'Médecine', 3, 1, 'STAGE', 'Site_C');
INSERT INTO users (id, nom, prenom, email, role) VALUES (229, 'Nom_ETU0130', 'Prenom_ETU0130', 'etu0130@univ.cm', 'USER');
INSERT INTO profile_contexts (user_id, filiere, annee, semester, rythme, principal_location) VALUES (229, 'Lettres', 2, 1, 'STAGE', 'Site_C');
INSERT INTO interests (user_id, tag) VALUES (229, 'Danse') ON CONFLICT DO NOTHING;
INSERT INTO interests (user_id, tag) VALUES (229, 'Langues') ON CONFLICT DO NOTHING;
INSERT INTO users (id, nom, prenom, email, role) VALUES (230, 'Nom_ETU0131', 'Prenom_ETU0131', 'etu0131@univ.cm', 'USER');
INSERT INTO profile_contexts (user_id, filiere, annee, semester, rythme, principal_location) VALUES (230, 'Droit', 3, 1, 'COURS', 'Site_B');
INSERT INTO interests (user_id, tag) VALUES (230, 'Jeux-vidéo') ON CONFLICT DO NOTHING;
INSERT INTO interests (user_id, tag) VALUES (230, 'Langues') ON CONFLICT DO NOTHING;
INSERT INTO interests (user_id, tag) VALUES (230, 'Musique') ON CONFLICT DO NOTHING;
INSERT INTO users (id, nom, prenom, email, role) VALUES (231, 'Nom_ETU0132', 'Prenom_ETU0132', 'etu0132@univ.cm', 'USER');
INSERT INTO profile_contexts (user_id, filiere, annee, semester, rythme, principal_location) VALUES (231, 'Architecture', 2, 1, 'COURS', 'Site_A');
INSERT INTO users (id, nom, prenom, email, role) VALUES (232, 'Nom_ETU0133', 'Prenom_ETU0133', 'etu0133@univ.cm', 'USER');
INSERT INTO profile_contexts (user_id, filiere, annee, semester, rythme, principal_location) VALUES (232, 'Biologie', 3, 1, 'COURS', 'Site_A');
INSERT INTO interests (user_id, tag) VALUES (232, 'Gaming') ON CONFLICT DO NOTHING;
INSERT INTO interests (user_id, tag) VALUES (232, 'Art') ON CONFLICT DO NOTHING;
INSERT INTO interests (user_id, tag) VALUES (232, 'Langues') ON CONFLICT DO NOTHING;
INSERT INTO interests (user_id, tag) VALUES (232, 'Photographie') ON CONFLICT DO NOTHING;
INSERT INTO users (id, nom, prenom, email, role) VALUES (233, 'Nom_ETU0134', 'Prenom_ETU0134', 'etu0134@univ.cm', 'USER');
INSERT INTO profile_contexts (user_id, filiere, annee, semester, rythme, principal_location) VALUES (233, 'Physique', 2, 1, 'COURS', 'Site_C');
INSERT INTO users (id, nom, prenom, email, role) VALUES (234, 'Nom_ETU0135', 'Prenom_ETU0135', 'etu0135@univ.cm', 'USER');
INSERT INTO profile_contexts (user_id, filiere, annee, semester, rythme, principal_location) VALUES (234, 'Médecine', 3, 1, 'COURS', 'Site_B');
INSERT INTO users (id, nom, prenom, email, role) VALUES (235, 'Nom_ETU0136', 'Prenom_ETU0136', 'etu0136@univ.cm', 'USER');
INSERT INTO profile_contexts (user_id, filiere, annee, semester, rythme, principal_location) VALUES (235, 'Génie Civil', 2, 1, 'COURS', 'Site_C');
INSERT INTO users (id, nom, prenom, email, role) VALUES (236, 'Nom_ETU0137', 'Prenom_ETU0137', 'etu0137@univ.cm', 'USER');
INSERT INTO profile_contexts (user_id, filiere, annee, semester, rythme, principal_location) VALUES (236, 'Informatique', 4, 1, 'COURS', 'Site_A');
INSERT INTO users (id, nom, prenom, email, role) VALUES (237, 'Nom_ETU0138', 'Prenom_ETU0138', 'etu0138@univ.cm', 'USER');
INSERT INTO profile_contexts (user_id, filiere, annee, semester, rythme, principal_location) VALUES (237, 'Lettres', 1, 1, 'COURS', 'Site_C');
INSERT INTO interests (user_id, tag) VALUES (237, 'Jeux-vidéo') ON CONFLICT DO NOTHING;
INSERT INTO interests (user_id, tag) VALUES (237, 'Sport') ON CONFLICT DO NOTHING;
INSERT INTO interests (user_id, tag) VALUES (237, 'Cinema') ON CONFLICT DO NOTHING;
INSERT INTO users (id, nom, prenom, email, role) VALUES (238, 'Nom_ETU0139', 'Prenom_ETU0139', 'etu0139@univ.cm', 'USER');
INSERT INTO profile_contexts (user_id, filiere, annee, semester, rythme, principal_location) VALUES (238, 'Informatique', 3, 1, 'STAGE', 'Site_A');
INSERT INTO users (id, nom, prenom, email, role) VALUES (239, 'Nom_ETU0140', 'Prenom_ETU0140', 'etu0140@univ.cm', 'USER');
INSERT INTO profile_contexts (user_id, filiere, annee, semester, rythme, principal_location) VALUES (239, 'Droit', 4, 1, 'COURS', 'Site_C');
INSERT INTO interests (user_id, tag) VALUES (239, 'Musique') ON CONFLICT DO NOTHING;
INSERT INTO interests (user_id, tag) VALUES (239, 'Coding') ON CONFLICT DO NOTHING;
INSERT INTO users (id, nom, prenom, email, role) VALUES (240, 'Nom_ETU0141', 'Prenom_ETU0141', 'etu0141@univ.cm', 'USER');
INSERT INTO profile_contexts (user_id, filiere, annee, semester, rythme, principal_location) VALUES (240, 'Médecine', 3, 1, 'COURS', 'Site_C');
INSERT INTO users (id, nom, prenom, email, role) VALUES (241, 'Nom_ETU0142', 'Prenom_ETU0142', 'etu0142@univ.cm', 'USER');
INSERT INTO profile_contexts (user_id, filiere, annee, semester, rythme, principal_location) VALUES (241, 'Génie Civil', 5, 1, 'STAGE', 'Site_A');
INSERT INTO interests (user_id, tag) VALUES (241, 'Cuisine') ON CONFLICT DO NOTHING;
INSERT INTO interests (user_id, tag) VALUES (241, 'Coding') ON CONFLICT DO NOTHING;
INSERT INTO users (id, nom, prenom, email, role) VALUES (242, 'Nom_ETU0143', 'Prenom_ETU0143', 'etu0143@univ.cm', 'USER');
INSERT INTO profile_contexts (user_id, filiere, annee, semester, rythme, principal_location) VALUES (242, 'Génie Civil', 3, 1, 'STAGE', 'Site_C');
INSERT INTO users (id, nom, prenom, email, role) VALUES (243, 'Nom_ETU0144', 'Prenom_ETU0144', 'etu0144@univ.cm', 'USER');
INSERT INTO profile_contexts (user_id, filiere, annee, semester, rythme, principal_location) VALUES (243, 'Informatique', 3, 1, 'COURS', 'Site_C');
INSERT INTO users (id, nom, prenom, email, role) VALUES (244, 'Nom_ETU0145', 'Prenom_ETU0145', 'etu0145@univ.cm', 'USER');
INSERT INTO profile_contexts (user_id, filiere, annee, semester, rythme, principal_location) VALUES (244, 'Économie', 2, 1, 'COURS', 'Site_A');
INSERT INTO users (id, nom, prenom, email, role) VALUES (245, 'Nom_ETU0146', 'Prenom_ETU0146', 'etu0146@univ.cm', 'USER');
INSERT INTO profile_contexts (user_id, filiere, annee, semester, rythme, principal_location) VALUES (245, 'Informatique', 2, 1, 'STAGE', 'Site_A');
INSERT INTO users (id, nom, prenom, email, role) VALUES (246, 'Nom_ETU0147', 'Prenom_ETU0147', 'etu0147@univ.cm', 'USER');
INSERT INTO profile_contexts (user_id, filiere, annee, semester, rythme, principal_location) VALUES (246, 'Physique', 4, 1, 'COURS', 'Site_A');
INSERT INTO users (id, nom, prenom, email, role) VALUES (247, 'Nom_ETU0148', 'Prenom_ETU0148', 'etu0148@univ.cm', 'USER');
INSERT INTO profile_contexts (user_id, filiere, annee, semester, rythme, principal_location) VALUES (247, 'Biologie', 1, 1, 'STAGE', 'Site_A');
INSERT INTO users (id, nom, prenom, email, role) VALUES (248, 'Nom_ETU0149', 'Prenom_ETU0149', 'etu0149@univ.cm', 'USER');
INSERT INTO profile_contexts (user_id, filiere, annee, semester, rythme, principal_location) VALUES (248, 'Économie', 3, 1, 'COURS', 'Site_C');
INSERT INTO users (id, nom, prenom, email, role) VALUES (249, 'Nom_ETU0150', 'Prenom_ETU0150', 'etu0150@univ.cm', 'USER');
INSERT INTO profile_contexts (user_id, filiere, annee, semester, rythme, principal_location) VALUES (249, 'Lettres', 5, 1, 'STAGE', 'Site_B');
INSERT INTO interests (user_id, tag) VALUES (249, 'Musique') ON CONFLICT DO NOTHING;
INSERT INTO interests (user_id, tag) VALUES (249, 'Danse') ON CONFLICT DO NOTHING;
INSERT INTO users (id, nom, prenom, email, role) VALUES (250, 'Nom_ETU0151', 'Prenom_ETU0151', 'etu0151@univ.cm', 'USER');
INSERT INTO profile_contexts (user_id, filiere, annee, semester, rythme, principal_location) VALUES (250, 'Physique', 1, 1, 'STAGE', 'Site_A');
INSERT INTO users (id, nom, prenom, email, role) VALUES (251, 'Nom_ETU0152', 'Prenom_ETU0152', 'etu0152@univ.cm', 'USER');
INSERT INTO profile_contexts (user_id, filiere, annee, semester, rythme, principal_location) VALUES (251, 'Physique', 3, 1, 'STAGE', 'Site_A');
INSERT INTO users (id, nom, prenom, email, role) VALUES (252, 'Nom_ETU0153', 'Prenom_ETU0153', 'etu0153@univ.cm', 'USER');
INSERT INTO profile_contexts (user_id, filiere, annee, semester, rythme, principal_location) VALUES (252, 'Économie', 2, 1, 'STAGE', 'Site_A');
INSERT INTO interests (user_id, tag) VALUES (252, 'Photographie') ON CONFLICT DO NOTHING;
INSERT INTO interests (user_id, tag) VALUES (252, 'Entrepreneuriat') ON CONFLICT DO NOTHING;
INSERT INTO interests (user_id, tag) VALUES (252, 'Cuisine') ON CONFLICT DO NOTHING;
INSERT INTO users (id, nom, prenom, email, role) VALUES (253, 'Nom_ETU0154', 'Prenom_ETU0154', 'etu0154@univ.cm', 'USER');
INSERT INTO profile_contexts (user_id, filiere, annee, semester, rythme, principal_location) VALUES (253, 'Droit', 5, 1, 'COURS', 'Site_B');
INSERT INTO users (id, nom, prenom, email, role) VALUES (254, 'Nom_ETU0155', 'Prenom_ETU0155', 'etu0155@univ.cm', 'USER');
INSERT INTO profile_contexts (user_id, filiere, annee, semester, rythme, principal_location) VALUES (254, 'Médecine', 4, 1, 'COURS', 'Site_C');
INSERT INTO interests (user_id, tag) VALUES (254, 'Art') ON CONFLICT DO NOTHING;
INSERT INTO interests (user_id, tag) VALUES (254, 'Musique') ON CONFLICT DO NOTHING;
INSERT INTO interests (user_id, tag) VALUES (254, 'Entrepreneuriat') ON CONFLICT DO NOTHING;
INSERT INTO interests (user_id, tag) VALUES (254, 'Gaming') ON CONFLICT DO NOTHING;
INSERT INTO users (id, nom, prenom, email, role) VALUES (255, 'Nom_ETU0156', 'Prenom_ETU0156', 'etu0156@univ.cm', 'USER');
INSERT INTO profile_contexts (user_id, filiere, annee, semester, rythme, principal_location) VALUES (255, 'Droit', 1, 1, 'COURS', 'Site_A');
INSERT INTO interests (user_id, tag) VALUES (255, 'Sport') ON CONFLICT DO NOTHING;
INSERT INTO interests (user_id, tag) VALUES (255, 'Voyage') ON CONFLICT DO NOTHING;
INSERT INTO interests (user_id, tag) VALUES (255, 'Entrepreneuriat') ON CONFLICT DO NOTHING;
INSERT INTO interests (user_id, tag) VALUES (255, 'Politique') ON CONFLICT DO NOTHING;
INSERT INTO interests (user_id, tag) VALUES (255, 'Coding') ON CONFLICT DO NOTHING;
INSERT INTO users (id, nom, prenom, email, role) VALUES (256, 'Nom_ETU0157', 'Prenom_ETU0157', 'etu0157@univ.cm', 'USER');
INSERT INTO profile_contexts (user_id, filiere, annee, semester, rythme, principal_location) VALUES (256, 'Physique', 5, 1, 'STAGE', 'Site_B');
INSERT INTO users (id, nom, prenom, email, role) VALUES (257, 'Nom_ETU0158', 'Prenom_ETU0158', 'etu0158@univ.cm', 'USER');
INSERT INTO profile_contexts (user_id, filiere, annee, semester, rythme, principal_location) VALUES (257, 'Physique', 4, 1, 'COURS', 'Site_B');
INSERT INTO interests (user_id, tag) VALUES (257, 'Gaming') ON CONFLICT DO NOTHING;
INSERT INTO interests (user_id, tag) VALUES (257, 'Jeux-vidéo') ON CONFLICT DO NOTHING;
INSERT INTO interests (user_id, tag) VALUES (257, 'Cuisine') ON CONFLICT DO NOTHING;
INSERT INTO users (id, nom, prenom, email, role) VALUES (258, 'Nom_ETU0159', 'Prenom_ETU0159', 'etu0159@univ.cm', 'USER');
INSERT INTO profile_contexts (user_id, filiere, annee, semester, rythme, principal_location) VALUES (258, 'Médecine', 2, 1, 'COURS', 'Site_C');
INSERT INTO users (id, nom, prenom, email, role) VALUES (259, 'Nom_ETU0160', 'Prenom_ETU0160', 'etu0160@univ.cm', 'USER');
INSERT INTO profile_contexts (user_id, filiere, annee, semester, rythme, principal_location) VALUES (259, 'Commerce', 3, 1, 'STAGE', 'Site_B');
INSERT INTO users (id, nom, prenom, email, role) VALUES (260, 'Nom_ETU0161', 'Prenom_ETU0161', 'etu0161@univ.cm', 'USER');
INSERT INTO profile_contexts (user_id, filiere, annee, semester, rythme, principal_location) VALUES (260, 'Architecture', 2, 1, 'STAGE', 'Site_C');
INSERT INTO users (id, nom, prenom, email, role) VALUES (261, 'Nom_ETU0162', 'Prenom_ETU0162', 'etu0162@univ.cm', 'USER');
INSERT INTO profile_contexts (user_id, filiere, annee, semester, rythme, principal_location) VALUES (261, 'Architecture', 3, 1, 'COURS', 'Site_C');
INSERT INTO interests (user_id, tag) VALUES (261, 'Photographie') ON CONFLICT DO NOTHING;
INSERT INTO interests (user_id, tag) VALUES (261, 'Danse') ON CONFLICT DO NOTHING;
INSERT INTO users (id, nom, prenom, email, role) VALUES (262, 'Nom_ETU0163', 'Prenom_ETU0163', 'etu0163@univ.cm', 'USER');
INSERT INTO profile_contexts (user_id, filiere, annee, semester, rythme, principal_location) VALUES (262, 'Physique', 1, 1, 'COURS', 'Site_A');
INSERT INTO interests (user_id, tag) VALUES (262, 'Photographie') ON CONFLICT DO NOTHING;
INSERT INTO interests (user_id, tag) VALUES (262, 'Langues') ON CONFLICT DO NOTHING;
INSERT INTO interests (user_id, tag) VALUES (262, 'Lecture') ON CONFLICT DO NOTHING;
INSERT INTO interests (user_id, tag) VALUES (262, 'Voyage') ON CONFLICT DO NOTHING;
INSERT INTO interests (user_id, tag) VALUES (262, 'Politique') ON CONFLICT DO NOTHING;
INSERT INTO users (id, nom, prenom, email, role) VALUES (263, 'Nom_ETU0164', 'Prenom_ETU0164', 'etu0164@univ.cm', 'USER');
INSERT INTO profile_contexts (user_id, filiere, annee, semester, rythme, principal_location) VALUES (263, 'Médecine', 3, 1, 'COURS', 'Site_A');
INSERT INTO users (id, nom, prenom, email, role) VALUES (264, 'Nom_ETU0165', 'Prenom_ETU0165', 'etu0165@univ.cm', 'USER');
INSERT INTO profile_contexts (user_id, filiere, annee, semester, rythme, principal_location) VALUES (264, 'Droit', 2, 1, 'COURS', 'Site_B');
INSERT INTO users (id, nom, prenom, email, role) VALUES (265, 'Nom_ETU0166', 'Prenom_ETU0166', 'etu0166@univ.cm', 'USER');
INSERT INTO profile_contexts (user_id, filiere, annee, semester, rythme, principal_location) VALUES (265, 'Médecine', 4, 1, 'COURS', 'Site_B');
INSERT INTO interests (user_id, tag) VALUES (265, 'Photographie') ON CONFLICT DO NOTHING;
INSERT INTO interests (user_id, tag) VALUES (265, 'Sport') ON CONFLICT DO NOTHING;
INSERT INTO interests (user_id, tag) VALUES (265, 'Musique') ON CONFLICT DO NOTHING;
INSERT INTO interests (user_id, tag) VALUES (265, 'Cuisine') ON CONFLICT DO NOTHING;
INSERT INTO users (id, nom, prenom, email, role) VALUES (266, 'Nom_ETU0167', 'Prenom_ETU0167', 'etu0167@univ.cm', 'USER');
INSERT INTO profile_contexts (user_id, filiere, annee, semester, rythme, principal_location) VALUES (266, 'Physique', 5, 1, 'STAGE', 'Site_C');
INSERT INTO interests (user_id, tag) VALUES (266, 'Cinema') ON CONFLICT DO NOTHING;
INSERT INTO interests (user_id, tag) VALUES (266, 'Entrepreneuriat') ON CONFLICT DO NOTHING;
INSERT INTO interests (user_id, tag) VALUES (266, 'Sport') ON CONFLICT DO NOTHING;
INSERT INTO interests (user_id, tag) VALUES (266, 'Musique') ON CONFLICT DO NOTHING;
INSERT INTO interests (user_id, tag) VALUES (266, 'Cuisine') ON CONFLICT DO NOTHING;
INSERT INTO users (id, nom, prenom, email, role) VALUES (267, 'Nom_ETU0168', 'Prenom_ETU0168', 'etu0168@univ.cm', 'USER');
INSERT INTO profile_contexts (user_id, filiere, annee, semester, rythme, principal_location) VALUES (267, 'Informatique', 4, 1, 'COURS', 'Site_C');
INSERT INTO users (id, nom, prenom, email, role) VALUES (268, 'Nom_ETU0169', 'Prenom_ETU0169', 'etu0169@univ.cm', 'USER');
INSERT INTO profile_contexts (user_id, filiere, annee, semester, rythme, principal_location) VALUES (268, 'Physique', 5, 1, 'STAGE', 'Site_C');
INSERT INTO users (id, nom, prenom, email, role) VALUES (269, 'Nom_ETU0170', 'Prenom_ETU0170', 'etu0170@univ.cm', 'USER');
INSERT INTO profile_contexts (user_id, filiere, annee, semester, rythme, principal_location) VALUES (269, 'Lettres', 3, 1, 'COURS', 'Site_B');
INSERT INTO users (id, nom, prenom, email, role) VALUES (270, 'Nom_ETU0171', 'Prenom_ETU0171', 'etu0171@univ.cm', 'USER');
INSERT INTO profile_contexts (user_id, filiere, annee, semester, rythme, principal_location) VALUES (270, 'Informatique', 1, 1, 'COURS', 'Site_C');
INSERT INTO users (id, nom, prenom, email, role) VALUES (271, 'Nom_ETU0172', 'Prenom_ETU0172', 'etu0172@univ.cm', 'USER');
INSERT INTO profile_contexts (user_id, filiere, annee, semester, rythme, principal_location) VALUES (271, 'Architecture', 3, 1, 'STAGE', 'Site_C');
INSERT INTO users (id, nom, prenom, email, role) VALUES (272, 'Nom_ETU0173', 'Prenom_ETU0173', 'etu0173@univ.cm', 'USER');
INSERT INTO profile_contexts (user_id, filiere, annee, semester, rythme, principal_location) VALUES (272, 'Informatique', 3, 1, 'COURS', 'Site_A');
INSERT INTO users (id, nom, prenom, email, role) VALUES (273, 'Nom_ETU0174', 'Prenom_ETU0174', 'etu0174@univ.cm', 'USER');
INSERT INTO profile_contexts (user_id, filiere, annee, semester, rythme, principal_location) VALUES (273, 'Informatique', 5, 1, 'STAGE', 'Site_C');
INSERT INTO users (id, nom, prenom, email, role) VALUES (274, 'Nom_ETU0175', 'Prenom_ETU0175', 'etu0175@univ.cm', 'USER');
INSERT INTO profile_contexts (user_id, filiere, annee, semester, rythme, principal_location) VALUES (274, 'Informatique', 4, 1, 'COURS', 'Site_A');
INSERT INTO users (id, nom, prenom, email, role) VALUES (275, 'Nom_ETU0176', 'Prenom_ETU0176', 'etu0176@univ.cm', 'USER');
INSERT INTO profile_contexts (user_id, filiere, annee, semester, rythme, principal_location) VALUES (275, 'Informatique', 2, 1, 'COURS', 'Site_C');
INSERT INTO users (id, nom, prenom, email, role) VALUES (276, 'Nom_ETU0177', 'Prenom_ETU0177', 'etu0177@univ.cm', 'USER');
INSERT INTO profile_contexts (user_id, filiere, annee, semester, rythme, principal_location) VALUES (276, 'Lettres', 5, 1, 'STAGE', 'Site_C');
INSERT INTO users (id, nom, prenom, email, role) VALUES (277, 'Nom_ETU0178', 'Prenom_ETU0178', 'etu0178@univ.cm', 'USER');
INSERT INTO profile_contexts (user_id, filiere, annee, semester, rythme, principal_location) VALUES (277, 'Commerce', 3, 1, 'COURS', 'Site_B');
INSERT INTO users (id, nom, prenom, email, role) VALUES (278, 'Nom_ETU0179', 'Prenom_ETU0179', 'etu0179@univ.cm', 'USER');
INSERT INTO profile_contexts (user_id, filiere, annee, semester, rythme, principal_location) VALUES (278, 'Commerce', 3, 1, 'STAGE', 'Site_C');
INSERT INTO users (id, nom, prenom, email, role) VALUES (279, 'Nom_ETU0180', 'Prenom_ETU0180', 'etu0180@univ.cm', 'USER');
INSERT INTO profile_contexts (user_id, filiere, annee, semester, rythme, principal_location) VALUES (279, 'Génie Civil', 3, 1, 'COURS', 'Site_C');
INSERT INTO interests (user_id, tag) VALUES (279, 'Lecture') ON CONFLICT DO NOTHING;
INSERT INTO interests (user_id, tag) VALUES (279, 'Langues') ON CONFLICT DO NOTHING;
INSERT INTO interests (user_id, tag) VALUES (279, 'Entrepreneuriat') ON CONFLICT DO NOTHING;
INSERT INTO interests (user_id, tag) VALUES (279, 'Cinema') ON CONFLICT DO NOTHING;
INSERT INTO interests (user_id, tag) VALUES (279, 'Gaming') ON CONFLICT DO NOTHING;
INSERT INTO users (id, nom, prenom, email, role) VALUES (280, 'Nom_ETU0181', 'Prenom_ETU0181', 'etu0181@univ.cm', 'USER');
INSERT INTO profile_contexts (user_id, filiere, annee, semester, rythme, principal_location) VALUES (280, 'Commerce', 2, 1, 'COURS', 'Site_A');
INSERT INTO interests (user_id, tag) VALUES (280, 'Voyage') ON CONFLICT DO NOTHING;
INSERT INTO interests (user_id, tag) VALUES (280, 'Art') ON CONFLICT DO NOTHING;
INSERT INTO interests (user_id, tag) VALUES (280, 'Photographie') ON CONFLICT DO NOTHING;
INSERT INTO interests (user_id, tag) VALUES (280, 'Musique') ON CONFLICT DO NOTHING;
INSERT INTO interests (user_id, tag) VALUES (280, 'Danse') ON CONFLICT DO NOTHING;
INSERT INTO users (id, nom, prenom, email, role) VALUES (281, 'Nom_ETU0182', 'Prenom_ETU0182', 'etu0182@univ.cm', 'USER');
INSERT INTO profile_contexts (user_id, filiere, annee, semester, rythme, principal_location) VALUES (281, 'Physique', 4, 1, 'COURS', 'Site_B');
INSERT INTO interests (user_id, tag) VALUES (281, 'Danse') ON CONFLICT DO NOTHING;
INSERT INTO interests (user_id, tag) VALUES (281, 'Sport') ON CONFLICT DO NOTHING;
INSERT INTO interests (user_id, tag) VALUES (281, 'Gaming') ON CONFLICT DO NOTHING;
INSERT INTO interests (user_id, tag) VALUES (281, 'Musique') ON CONFLICT DO NOTHING;
INSERT INTO users (id, nom, prenom, email, role) VALUES (282, 'Nom_ETU0183', 'Prenom_ETU0183', 'etu0183@univ.cm', 'USER');
INSERT INTO profile_contexts (user_id, filiere, annee, semester, rythme, principal_location) VALUES (282, 'Médecine', 1, 1, 'COURS', 'Site_B');
INSERT INTO interests (user_id, tag) VALUES (282, 'Langues') ON CONFLICT DO NOTHING;
INSERT INTO interests (user_id, tag) VALUES (282, 'Art') ON CONFLICT DO NOTHING;
INSERT INTO interests (user_id, tag) VALUES (282, 'Cinema') ON CONFLICT DO NOTHING;
INSERT INTO users (id, nom, prenom, email, role) VALUES (283, 'Nom_ETU0184', 'Prenom_ETU0184', 'etu0184@univ.cm', 'USER');
INSERT INTO profile_contexts (user_id, filiere, annee, semester, rythme, principal_location) VALUES (283, 'Architecture', 1, 1, 'COURS', 'Site_B');
INSERT INTO interests (user_id, tag) VALUES (283, 'Danse') ON CONFLICT DO NOTHING;
INSERT INTO interests (user_id, tag) VALUES (283, 'Entrepreneuriat') ON CONFLICT DO NOTHING;
INSERT INTO interests (user_id, tag) VALUES (283, 'Coding') ON CONFLICT DO NOTHING;
INSERT INTO interests (user_id, tag) VALUES (283, 'Photographie') ON CONFLICT DO NOTHING;
INSERT INTO interests (user_id, tag) VALUES (283, 'Jeux-vidéo') ON CONFLICT DO NOTHING;
INSERT INTO users (id, nom, prenom, email, role) VALUES (284, 'Nom_ETU0185', 'Prenom_ETU0185', 'etu0185@univ.cm', 'USER');
INSERT INTO profile_contexts (user_id, filiere, annee, semester, rythme, principal_location) VALUES (284, 'Physique', 3, 1, 'STAGE', 'Site_A');
INSERT INTO interests (user_id, tag) VALUES (284, 'Gaming') ON CONFLICT DO NOTHING;
INSERT INTO interests (user_id, tag) VALUES (284, 'Cinema') ON CONFLICT DO NOTHING;
INSERT INTO interests (user_id, tag) VALUES (284, 'Politique') ON CONFLICT DO NOTHING;
INSERT INTO interests (user_id, tag) VALUES (284, 'Danse') ON CONFLICT DO NOTHING;
INSERT INTO users (id, nom, prenom, email, role) VALUES (285, 'Nom_ETU0186', 'Prenom_ETU0186', 'etu0186@univ.cm', 'USER');
INSERT INTO profile_contexts (user_id, filiere, annee, semester, rythme, principal_location) VALUES (285, 'Lettres', 1, 1, 'COURS', 'Site_A');
INSERT INTO users (id, nom, prenom, email, role) VALUES (286, 'Nom_ETU0187', 'Prenom_ETU0187', 'etu0187@univ.cm', 'USER');
INSERT INTO profile_contexts (user_id, filiere, annee, semester, rythme, principal_location) VALUES (286, 'Économie', 4, 1, 'COURS', 'Site_B');
INSERT INTO users (id, nom, prenom, email, role) VALUES (287, 'Nom_ETU0188', 'Prenom_ETU0188', 'etu0188@univ.cm', 'USER');
INSERT INTO profile_contexts (user_id, filiere, annee, semester, rythme, principal_location) VALUES (287, 'Droit', 1, 1, 'COURS', 'Site_B');
INSERT INTO interests (user_id, tag) VALUES (287, 'Cuisine') ON CONFLICT DO NOTHING;
INSERT INTO interests (user_id, tag) VALUES (287, 'Danse') ON CONFLICT DO NOTHING;
INSERT INTO interests (user_id, tag) VALUES (287, 'Entrepreneuriat') ON CONFLICT DO NOTHING;
INSERT INTO users (id, nom, prenom, email, role) VALUES (288, 'Nom_ETU0189', 'Prenom_ETU0189', 'etu0189@univ.cm', 'USER');
INSERT INTO profile_contexts (user_id, filiere, annee, semester, rythme, principal_location) VALUES (288, 'Médecine', 4, 1, 'STAGE', 'Site_C');
INSERT INTO users (id, nom, prenom, email, role) VALUES (289, 'Nom_ETU0190', 'Prenom_ETU0190', 'etu0190@univ.cm', 'USER');
INSERT INTO profile_contexts (user_id, filiere, annee, semester, rythme, principal_location) VALUES (289, 'Architecture', 1, 1, 'STAGE', 'Site_C');
INSERT INTO users (id, nom, prenom, email, role) VALUES (290, 'Nom_ETU0191', 'Prenom_ETU0191', 'etu0191@univ.cm', 'USER');
INSERT INTO profile_contexts (user_id, filiere, annee, semester, rythme, principal_location) VALUES (290, 'Commerce', 2, 1, 'COURS', 'Site_C');
INSERT INTO users (id, nom, prenom, email, role) VALUES (291, 'Nom_ETU0192', 'Prenom_ETU0192', 'etu0192@univ.cm', 'USER');
INSERT INTO profile_contexts (user_id, filiere, annee, semester, rythme, principal_location) VALUES (291, 'Commerce', 4, 1, 'COURS', 'Site_B');
INSERT INTO interests (user_id, tag) VALUES (291, 'Photographie') ON CONFLICT DO NOTHING;
INSERT INTO interests (user_id, tag) VALUES (291, 'Politique') ON CONFLICT DO NOTHING;
INSERT INTO interests (user_id, tag) VALUES (291, 'Sport') ON CONFLICT DO NOTHING;
INSERT INTO interests (user_id, tag) VALUES (291, 'Entrepreneuriat') ON CONFLICT DO NOTHING;
INSERT INTO interests (user_id, tag) VALUES (291, 'Langues') ON CONFLICT DO NOTHING;
INSERT INTO users (id, nom, prenom, email, role) VALUES (292, 'Nom_ETU0193', 'Prenom_ETU0193', 'etu0193@univ.cm', 'USER');
INSERT INTO profile_contexts (user_id, filiere, annee, semester, rythme, principal_location) VALUES (292, 'Droit', 5, 1, 'COURS', 'Site_B');
INSERT INTO users (id, nom, prenom, email, role) VALUES (293, 'Nom_ETU0194', 'Prenom_ETU0194', 'etu0194@univ.cm', 'USER');
INSERT INTO profile_contexts (user_id, filiere, annee, semester, rythme, principal_location) VALUES (293, 'Physique', 1, 1, 'COURS', 'Site_A');
INSERT INTO users (id, nom, prenom, email, role) VALUES (294, 'Nom_ETU0195', 'Prenom_ETU0195', 'etu0195@univ.cm', 'USER');
INSERT INTO profile_contexts (user_id, filiere, annee, semester, rythme, principal_location) VALUES (294, 'Génie Civil', 5, 1, 'COURS', 'Site_B');
INSERT INTO users (id, nom, prenom, email, role) VALUES (295, 'Nom_ETU0196', 'Prenom_ETU0196', 'etu0196@univ.cm', 'USER');
INSERT INTO profile_contexts (user_id, filiere, annee, semester, rythme, principal_location) VALUES (295, 'Informatique', 1, 1, 'STAGE', 'Site_B');
INSERT INTO interests (user_id, tag) VALUES (295, 'Entrepreneuriat') ON CONFLICT DO NOTHING;
INSERT INTO interests (user_id, tag) VALUES (295, 'Cuisine') ON CONFLICT DO NOTHING;
INSERT INTO interests (user_id, tag) VALUES (295, 'Lecture') ON CONFLICT DO NOTHING;
INSERT INTO interests (user_id, tag) VALUES (295, 'Gaming') ON CONFLICT DO NOTHING;
INSERT INTO interests (user_id, tag) VALUES (295, 'Photographie') ON CONFLICT DO NOTHING;
INSERT INTO users (id, nom, prenom, email, role) VALUES (296, 'Nom_ETU0197', 'Prenom_ETU0197', 'etu0197@univ.cm', 'USER');
INSERT INTO profile_contexts (user_id, filiere, annee, semester, rythme, principal_location) VALUES (296, 'Biologie', 5, 1, 'COURS', 'Site_A');
INSERT INTO interests (user_id, tag) VALUES (296, 'Musique') ON CONFLICT DO NOTHING;
INSERT INTO interests (user_id, tag) VALUES (296, 'Langues') ON CONFLICT DO NOTHING;
INSERT INTO interests (user_id, tag) VALUES (296, 'Politique') ON CONFLICT DO NOTHING;
INSERT INTO users (id, nom, prenom, email, role) VALUES (297, 'Nom_ETU0198', 'Prenom_ETU0198', 'etu0198@univ.cm', 'USER');
INSERT INTO profile_contexts (user_id, filiere, annee, semester, rythme, principal_location) VALUES (297, 'Informatique', 4, 1, 'COURS', 'Site_C');
INSERT INTO users (id, nom, prenom, email, role) VALUES (298, 'Nom_ETU0199', 'Prenom_ETU0199', 'etu0199@univ.cm', 'USER');
INSERT INTO profile_contexts (user_id, filiere, annee, semester, rythme, principal_location) VALUES (298, 'Architecture', 3, 1, 'COURS', 'Site_C');
INSERT INTO users (id, nom, prenom, email, role) VALUES (299, 'Nom_ETU0200', 'Prenom_ETU0200', 'etu0200@univ.cm', 'USER');
INSERT INTO profile_contexts (user_id, filiere, annee, semester, rythme, principal_location) VALUES (299, 'Économie', 3, 1, 'STAGE', 'Site_C');
INSERT INTO users (id, nom, prenom, email, role) VALUES (300, 'Nom_ETU0201', 'Prenom_ETU0201', 'etu0201@univ.cm', 'USER');
INSERT INTO profile_contexts (user_id, filiere, annee, semester, rythme, principal_location) VALUES (300, 'Lettres', 4, 1, 'STAGE', 'Site_B');
INSERT INTO interests (user_id, tag) VALUES (300, 'Cuisine') ON CONFLICT DO NOTHING;
INSERT INTO interests (user_id, tag) VALUES (300, 'Jeux-vidéo') ON CONFLICT DO NOTHING;
INSERT INTO interests (user_id, tag) VALUES (300, 'Cinema') ON CONFLICT DO NOTHING;
INSERT INTO interests (user_id, tag) VALUES (300, 'Langues') ON CONFLICT DO NOTHING;
INSERT INTO interests (user_id, tag) VALUES (300, 'Coding') ON CONFLICT DO NOTHING;
INSERT INTO users (id, nom, prenom, email, role) VALUES (301, 'Nom_ETU0202', 'Prenom_ETU0202', 'etu0202@univ.cm', 'USER');
INSERT INTO profile_contexts (user_id, filiere, annee, semester, rythme, principal_location) VALUES (301, 'Informatique', 5, 1, 'STAGE', 'Site_B');
INSERT INTO users (id, nom, prenom, email, role) VALUES (302, 'Nom_ETU0203', 'Prenom_ETU0203', 'etu0203@univ.cm', 'USER');
INSERT INTO profile_contexts (user_id, filiere, annee, semester, rythme, principal_location) VALUES (302, 'Lettres', 1, 1, 'COURS', 'Site_B');
INSERT INTO interests (user_id, tag) VALUES (302, 'Sport') ON CONFLICT DO NOTHING;
INSERT INTO interests (user_id, tag) VALUES (302, 'Cinema') ON CONFLICT DO NOTHING;
INSERT INTO interests (user_id, tag) VALUES (302, 'Cuisine') ON CONFLICT DO NOTHING;
INSERT INTO users (id, nom, prenom, email, role) VALUES (303, 'Nom_ETU0204', 'Prenom_ETU0204', 'etu0204@univ.cm', 'USER');
INSERT INTO profile_contexts (user_id, filiere, annee, semester, rythme, principal_location) VALUES (303, 'Commerce', 2, 1, 'COURS', 'Site_B');
INSERT INTO users (id, nom, prenom, email, role) VALUES (304, 'Nom_ETU0205', 'Prenom_ETU0205', 'etu0205@univ.cm', 'USER');
INSERT INTO profile_contexts (user_id, filiere, annee, semester, rythme, principal_location) VALUES (304, 'Physique', 2, 1, 'COURS', 'Site_C');
INSERT INTO interests (user_id, tag) VALUES (304, 'Langues') ON CONFLICT DO NOTHING;
INSERT INTO interests (user_id, tag) VALUES (304, 'Lecture') ON CONFLICT DO NOTHING;
INSERT INTO interests (user_id, tag) VALUES (304, 'Entrepreneuriat') ON CONFLICT DO NOTHING;
INSERT INTO interests (user_id, tag) VALUES (304, 'Voyage') ON CONFLICT DO NOTHING;
INSERT INTO interests (user_id, tag) VALUES (304, 'Cinema') ON CONFLICT DO NOTHING;
INSERT INTO users (id, nom, prenom, email, role) VALUES (305, 'Nom_ETU0206', 'Prenom_ETU0206', 'etu0206@univ.cm', 'USER');
INSERT INTO profile_contexts (user_id, filiere, annee, semester, rythme, principal_location) VALUES (305, 'Commerce', 4, 1, 'COURS', 'Site_C');
INSERT INTO users (id, nom, prenom, email, role) VALUES (306, 'Nom_ETU0207', 'Prenom_ETU0207', 'etu0207@univ.cm', 'USER');
INSERT INTO profile_contexts (user_id, filiere, annee, semester, rythme, principal_location) VALUES (306, 'Architecture', 2, 1, 'COURS', 'Site_A');
INSERT INTO interests (user_id, tag) VALUES (306, 'Cinema') ON CONFLICT DO NOTHING;
INSERT INTO interests (user_id, tag) VALUES (306, 'Jeux-vidéo') ON CONFLICT DO NOTHING;
INSERT INTO interests (user_id, tag) VALUES (306, 'Lecture') ON CONFLICT DO NOTHING;
INSERT INTO interests (user_id, tag) VALUES (306, 'Voyage') ON CONFLICT DO NOTHING;
INSERT INTO interests (user_id, tag) VALUES (306, 'Gaming') ON CONFLICT DO NOTHING;
INSERT INTO users (id, nom, prenom, email, role) VALUES (307, 'Nom_ETU0208', 'Prenom_ETU0208', 'etu0208@univ.cm', 'USER');
INSERT INTO profile_contexts (user_id, filiere, annee, semester, rythme, principal_location) VALUES (307, 'Physique', 4, 1, 'COURS', 'Site_C');
INSERT INTO users (id, nom, prenom, email, role) VALUES (308, 'Nom_ETU0209', 'Prenom_ETU0209', 'etu0209@univ.cm', 'USER');
INSERT INTO profile_contexts (user_id, filiere, annee, semester, rythme, principal_location) VALUES (308, 'Commerce', 1, 1, 'STAGE', 'Site_A');
INSERT INTO users (id, nom, prenom, email, role) VALUES (309, 'Nom_ETU0210', 'Prenom_ETU0210', 'etu0210@univ.cm', 'USER');
INSERT INTO profile_contexts (user_id, filiere, annee, semester, rythme, principal_location) VALUES (309, 'Droit', 1, 1, 'COURS', 'Site_A');
INSERT INTO interests (user_id, tag) VALUES (309, 'Voyage') ON CONFLICT DO NOTHING;
INSERT INTO interests (user_id, tag) VALUES (309, 'Sport') ON CONFLICT DO NOTHING;
INSERT INTO interests (user_id, tag) VALUES (309, 'Politique') ON CONFLICT DO NOTHING;
INSERT INTO interests (user_id, tag) VALUES (309, 'Danse') ON CONFLICT DO NOTHING;
INSERT INTO interests (user_id, tag) VALUES (309, 'Art') ON CONFLICT DO NOTHING;
INSERT INTO users (id, nom, prenom, email, role) VALUES (310, 'Nom_ETU0211', 'Prenom_ETU0211', 'etu0211@univ.cm', 'USER');
INSERT INTO profile_contexts (user_id, filiere, annee, semester, rythme, principal_location) VALUES (310, 'Informatique', 5, 1, 'COURS', 'Site_C');
INSERT INTO interests (user_id, tag) VALUES (310, 'Entrepreneuriat') ON CONFLICT DO NOTHING;
INSERT INTO interests (user_id, tag) VALUES (310, 'Coding') ON CONFLICT DO NOTHING;
INSERT INTO users (id, nom, prenom, email, role) VALUES (311, 'Nom_ETU0212', 'Prenom_ETU0212', 'etu0212@univ.cm', 'USER');
INSERT INTO profile_contexts (user_id, filiere, annee, semester, rythme, principal_location) VALUES (311, 'Droit', 5, 1, 'COURS', 'Site_B');
INSERT INTO users (id, nom, prenom, email, role) VALUES (312, 'Nom_ETU0213', 'Prenom_ETU0213', 'etu0213@univ.cm', 'USER');
INSERT INTO profile_contexts (user_id, filiere, annee, semester, rythme, principal_location) VALUES (312, 'Économie', 1, 1, 'COURS', 'Site_C');
INSERT INTO interests (user_id, tag) VALUES (312, 'Cuisine') ON CONFLICT DO NOTHING;
INSERT INTO interests (user_id, tag) VALUES (312, 'Langues') ON CONFLICT DO NOTHING;
INSERT INTO users (id, nom, prenom, email, role) VALUES (313, 'Nom_ETU0214', 'Prenom_ETU0214', 'etu0214@univ.cm', 'USER');
INSERT INTO profile_contexts (user_id, filiere, annee, semester, rythme, principal_location) VALUES (313, 'Médecine', 1, 1, 'STAGE', 'Site_B');
INSERT INTO users (id, nom, prenom, email, role) VALUES (314, 'Nom_ETU0215', 'Prenom_ETU0215', 'etu0215@univ.cm', 'USER');
INSERT INTO profile_contexts (user_id, filiere, annee, semester, rythme, principal_location) VALUES (314, 'Architecture', 4, 1, 'STAGE', 'Site_A');
INSERT INTO users (id, nom, prenom, email, role) VALUES (315, 'Nom_ETU0216', 'Prenom_ETU0216', 'etu0216@univ.cm', 'USER');
INSERT INTO profile_contexts (user_id, filiere, annee, semester, rythme, principal_location) VALUES (315, 'Droit', 5, 1, 'COURS', 'Site_C');
INSERT INTO users (id, nom, prenom, email, role) VALUES (316, 'Nom_ETU0217', 'Prenom_ETU0217', 'etu0217@univ.cm', 'USER');
INSERT INTO profile_contexts (user_id, filiere, annee, semester, rythme, principal_location) VALUES (316, 'Droit', 5, 1, 'STAGE', 'Site_B');
INSERT INTO interests (user_id, tag) VALUES (316, 'Cuisine') ON CONFLICT DO NOTHING;
INSERT INTO interests (user_id, tag) VALUES (316, 'Gaming') ON CONFLICT DO NOTHING;
INSERT INTO interests (user_id, tag) VALUES (316, 'Art') ON CONFLICT DO NOTHING;
INSERT INTO interests (user_id, tag) VALUES (316, 'Jeux-vidéo') ON CONFLICT DO NOTHING;
INSERT INTO users (id, nom, prenom, email, role) VALUES (317, 'Nom_ETU0218', 'Prenom_ETU0218', 'etu0218@univ.cm', 'USER');
INSERT INTO profile_contexts (user_id, filiere, annee, semester, rythme, principal_location) VALUES (317, 'Génie Civil', 4, 1, 'COURS', 'Site_A');
INSERT INTO users (id, nom, prenom, email, role) VALUES (318, 'Nom_ETU0219', 'Prenom_ETU0219', 'etu0219@univ.cm', 'USER');
INSERT INTO profile_contexts (user_id, filiere, annee, semester, rythme, principal_location) VALUES (318, 'Droit', 3, 1, 'COURS', 'Site_B');
INSERT INTO users (id, nom, prenom, email, role) VALUES (319, 'Nom_ETU0220', 'Prenom_ETU0220', 'etu0220@univ.cm', 'USER');
INSERT INTO profile_contexts (user_id, filiere, annee, semester, rythme, principal_location) VALUES (319, 'Architecture', 3, 1, 'COURS', 'Site_C');
INSERT INTO interests (user_id, tag) VALUES (319, 'Cinema') ON CONFLICT DO NOTHING;
INSERT INTO interests (user_id, tag) VALUES (319, 'Jeux-vidéo') ON CONFLICT DO NOTHING;
INSERT INTO users (id, nom, prenom, email, role) VALUES (320, 'Nom_ETU0221', 'Prenom_ETU0221', 'etu0221@univ.cm', 'USER');
INSERT INTO profile_contexts (user_id, filiere, annee, semester, rythme, principal_location) VALUES (320, 'Informatique', 3, 1, 'COURS', 'Site_B');
INSERT INTO users (id, nom, prenom, email, role) VALUES (321, 'Nom_ETU0222', 'Prenom_ETU0222', 'etu0222@univ.cm', 'USER');
INSERT INTO profile_contexts (user_id, filiere, annee, semester, rythme, principal_location) VALUES (321, 'Commerce', 5, 1, 'COURS', 'Site_A');
INSERT INTO users (id, nom, prenom, email, role) VALUES (322, 'Nom_ETU0223', 'Prenom_ETU0223', 'etu0223@univ.cm', 'USER');
INSERT INTO profile_contexts (user_id, filiere, annee, semester, rythme, principal_location) VALUES (322, 'Architecture', 3, 1, 'COURS', 'Site_A');
INSERT INTO interests (user_id, tag) VALUES (322, 'Cuisine') ON CONFLICT DO NOTHING;
INSERT INTO interests (user_id, tag) VALUES (322, 'Gaming') ON CONFLICT DO NOTHING;
INSERT INTO interests (user_id, tag) VALUES (322, 'Musique') ON CONFLICT DO NOTHING;
INSERT INTO interests (user_id, tag) VALUES (322, 'Art') ON CONFLICT DO NOTHING;
INSERT INTO interests (user_id, tag) VALUES (322, 'Entrepreneuriat') ON CONFLICT DO NOTHING;
INSERT INTO users (id, nom, prenom, email, role) VALUES (323, 'Nom_ETU0224', 'Prenom_ETU0224', 'etu0224@univ.cm', 'USER');
INSERT INTO profile_contexts (user_id, filiere, annee, semester, rythme, principal_location) VALUES (323, 'Biologie', 2, 1, 'COURS', 'Site_B');
INSERT INTO users (id, nom, prenom, email, role) VALUES (324, 'Nom_ETU0225', 'Prenom_ETU0225', 'etu0225@univ.cm', 'USER');
INSERT INTO profile_contexts (user_id, filiere, annee, semester, rythme, principal_location) VALUES (324, 'Économie', 4, 1, 'COURS', 'Site_B');
INSERT INTO interests (user_id, tag) VALUES (324, 'Art') ON CONFLICT DO NOTHING;
INSERT INTO interests (user_id, tag) VALUES (324, 'Danse') ON CONFLICT DO NOTHING;
INSERT INTO interests (user_id, tag) VALUES (324, 'Photographie') ON CONFLICT DO NOTHING;
INSERT INTO users (id, nom, prenom, email, role) VALUES (325, 'Nom_ETU0226', 'Prenom_ETU0226', 'etu0226@univ.cm', 'USER');
INSERT INTO profile_contexts (user_id, filiere, annee, semester, rythme, principal_location) VALUES (325, 'Informatique', 4, 1, 'COURS', 'Site_C');
INSERT INTO users (id, nom, prenom, email, role) VALUES (326, 'Nom_ETU0227', 'Prenom_ETU0227', 'etu0227@univ.cm', 'USER');
INSERT INTO profile_contexts (user_id, filiere, annee, semester, rythme, principal_location) VALUES (326, 'Lettres', 5, 1, 'COURS', 'Site_A');
INSERT INTO interests (user_id, tag) VALUES (326, 'Jeux-vidéo') ON CONFLICT DO NOTHING;
INSERT INTO interests (user_id, tag) VALUES (326, 'Cuisine') ON CONFLICT DO NOTHING;
INSERT INTO interests (user_id, tag) VALUES (326, 'Voyage') ON CONFLICT DO NOTHING;
INSERT INTO interests (user_id, tag) VALUES (326, 'Cinema') ON CONFLICT DO NOTHING;
INSERT INTO users (id, nom, prenom, email, role) VALUES (327, 'Nom_ETU0228', 'Prenom_ETU0228', 'etu0228@univ.cm', 'USER');
INSERT INTO profile_contexts (user_id, filiere, annee, semester, rythme, principal_location) VALUES (327, 'Lettres', 1, 1, 'STAGE', 'Site_A');
INSERT INTO interests (user_id, tag) VALUES (327, 'Danse') ON CONFLICT DO NOTHING;
INSERT INTO interests (user_id, tag) VALUES (327, 'Gaming') ON CONFLICT DO NOTHING;
INSERT INTO interests (user_id, tag) VALUES (327, 'Entrepreneuriat') ON CONFLICT DO NOTHING;
INSERT INTO users (id, nom, prenom, email, role) VALUES (328, 'Nom_ETU0229', 'Prenom_ETU0229', 'etu0229@univ.cm', 'USER');
INSERT INTO profile_contexts (user_id, filiere, annee, semester, rythme, principal_location) VALUES (328, 'Économie', 1, 1, 'STAGE', 'Site_B');
INSERT INTO interests (user_id, tag) VALUES (328, 'Jeux-vidéo') ON CONFLICT DO NOTHING;
INSERT INTO interests (user_id, tag) VALUES (328, 'Danse') ON CONFLICT DO NOTHING;
INSERT INTO interests (user_id, tag) VALUES (328, 'Cinema') ON CONFLICT DO NOTHING;
INSERT INTO interests (user_id, tag) VALUES (328, 'Lecture') ON CONFLICT DO NOTHING;
INSERT INTO interests (user_id, tag) VALUES (328, 'Gaming') ON CONFLICT DO NOTHING;
INSERT INTO users (id, nom, prenom, email, role) VALUES (329, 'Nom_ETU0230', 'Prenom_ETU0230', 'etu0230@univ.cm', 'USER');
INSERT INTO profile_contexts (user_id, filiere, annee, semester, rythme, principal_location) VALUES (329, 'Architecture', 4, 1, 'STAGE', 'Site_C');
INSERT INTO users (id, nom, prenom, email, role) VALUES (330, 'Nom_ETU0231', 'Prenom_ETU0231', 'etu0231@univ.cm', 'USER');
INSERT INTO profile_contexts (user_id, filiere, annee, semester, rythme, principal_location) VALUES (330, 'Droit', 3, 1, 'COURS', 'Site_C');
INSERT INTO users (id, nom, prenom, email, role) VALUES (331, 'Nom_ETU0232', 'Prenom_ETU0232', 'etu0232@univ.cm', 'USER');
INSERT INTO profile_contexts (user_id, filiere, annee, semester, rythme, principal_location) VALUES (331, 'Droit', 5, 1, 'STAGE', 'Site_C');
INSERT INTO interests (user_id, tag) VALUES (331, 'Photographie') ON CONFLICT DO NOTHING;
INSERT INTO interests (user_id, tag) VALUES (331, 'Voyage') ON CONFLICT DO NOTHING;
INSERT INTO interests (user_id, tag) VALUES (331, 'Cuisine') ON CONFLICT DO NOTHING;
INSERT INTO users (id, nom, prenom, email, role) VALUES (332, 'Nom_ETU0233', 'Prenom_ETU0233', 'etu0233@univ.cm', 'USER');
INSERT INTO profile_contexts (user_id, filiere, annee, semester, rythme, principal_location) VALUES (332, 'Génie Civil', 3, 1, 'COURS', 'Site_A');
INSERT INTO users (id, nom, prenom, email, role) VALUES (333, 'Nom_ETU0234', 'Prenom_ETU0234', 'etu0234@univ.cm', 'USER');
INSERT INTO profile_contexts (user_id, filiere, annee, semester, rythme, principal_location) VALUES (333, 'Droit', 5, 1, 'COURS', 'Site_B');
INSERT INTO users (id, nom, prenom, email, role) VALUES (334, 'Nom_ETU0235', 'Prenom_ETU0235', 'etu0235@univ.cm', 'USER');
INSERT INTO profile_contexts (user_id, filiere, annee, semester, rythme, principal_location) VALUES (334, 'Informatique', 3, 1, 'COURS', 'Site_C');
INSERT INTO interests (user_id, tag) VALUES (334, 'Entrepreneuriat') ON CONFLICT DO NOTHING;
INSERT INTO interests (user_id, tag) VALUES (334, 'Jeux-vidéo') ON CONFLICT DO NOTHING;
INSERT INTO interests (user_id, tag) VALUES (334, 'Langues') ON CONFLICT DO NOTHING;
INSERT INTO users (id, nom, prenom, email, role) VALUES (335, 'Nom_ETU0236', 'Prenom_ETU0236', 'etu0236@univ.cm', 'USER');
INSERT INTO profile_contexts (user_id, filiere, annee, semester, rythme, principal_location) VALUES (335, 'Droit', 4, 1, 'STAGE', 'Site_A');
INSERT INTO interests (user_id, tag) VALUES (335, 'Cuisine') ON CONFLICT DO NOTHING;
INSERT INTO interests (user_id, tag) VALUES (335, 'Sport') ON CONFLICT DO NOTHING;
INSERT INTO interests (user_id, tag) VALUES (335, 'Art') ON CONFLICT DO NOTHING;
INSERT INTO interests (user_id, tag) VALUES (335, 'Politique') ON CONFLICT DO NOTHING;
INSERT INTO interests (user_id, tag) VALUES (335, 'Lecture') ON CONFLICT DO NOTHING;
INSERT INTO users (id, nom, prenom, email, role) VALUES (336, 'Nom_ETU0237', 'Prenom_ETU0237', 'etu0237@univ.cm', 'USER');
INSERT INTO profile_contexts (user_id, filiere, annee, semester, rythme, principal_location) VALUES (336, 'Économie', 1, 1, 'COURS', 'Site_C');
INSERT INTO users (id, nom, prenom, email, role) VALUES (337, 'Nom_ETU0238', 'Prenom_ETU0238', 'etu0238@univ.cm', 'USER');
INSERT INTO profile_contexts (user_id, filiere, annee, semester, rythme, principal_location) VALUES (337, 'Physique', 5, 1, 'STAGE', 'Site_B');
INSERT INTO interests (user_id, tag) VALUES (337, 'Politique') ON CONFLICT DO NOTHING;
INSERT INTO interests (user_id, tag) VALUES (337, 'Cuisine') ON CONFLICT DO NOTHING;
INSERT INTO interests (user_id, tag) VALUES (337, 'Langues') ON CONFLICT DO NOTHING;
INSERT INTO interests (user_id, tag) VALUES (337, 'Musique') ON CONFLICT DO NOTHING;
INSERT INTO interests (user_id, tag) VALUES (337, 'Voyage') ON CONFLICT DO NOTHING;
INSERT INTO users (id, nom, prenom, email, role) VALUES (338, 'Nom_ETU0239', 'Prenom_ETU0239', 'etu0239@univ.cm', 'USER');
INSERT INTO profile_contexts (user_id, filiere, annee, semester, rythme, principal_location) VALUES (338, 'Lettres', 1, 1, 'COURS', 'Site_A');
INSERT INTO users (id, nom, prenom, email, role) VALUES (339, 'Nom_ETU0240', 'Prenom_ETU0240', 'etu0240@univ.cm', 'USER');
INSERT INTO profile_contexts (user_id, filiere, annee, semester, rythme, principal_location) VALUES (339, 'Médecine', 5, 1, 'COURS', 'Site_A');
INSERT INTO users (id, nom, prenom, email, role) VALUES (340, 'Nom_ETU0241', 'Prenom_ETU0241', 'etu0241@univ.cm', 'USER');
INSERT INTO profile_contexts (user_id, filiere, annee, semester, rythme, principal_location) VALUES (340, 'Médecine', 2, 1, 'STAGE', 'Site_B');
INSERT INTO users (id, nom, prenom, email, role) VALUES (341, 'Nom_ETU0242', 'Prenom_ETU0242', 'etu0242@univ.cm', 'USER');
INSERT INTO profile_contexts (user_id, filiere, annee, semester, rythme, principal_location) VALUES (341, 'Médecine', 2, 1, 'STAGE', 'Site_C');
INSERT INTO interests (user_id, tag) VALUES (341, 'Cuisine') ON CONFLICT DO NOTHING;
INSERT INTO interests (user_id, tag) VALUES (341, 'Danse') ON CONFLICT DO NOTHING;
INSERT INTO interests (user_id, tag) VALUES (341, 'Photographie') ON CONFLICT DO NOTHING;
INSERT INTO interests (user_id, tag) VALUES (341, 'Langues') ON CONFLICT DO NOTHING;
INSERT INTO interests (user_id, tag) VALUES (341, 'Gaming') ON CONFLICT DO NOTHING;
INSERT INTO users (id, nom, prenom, email, role) VALUES (342, 'Nom_ETU0243', 'Prenom_ETU0243', 'etu0243@univ.cm', 'USER');
INSERT INTO profile_contexts (user_id, filiere, annee, semester, rythme, principal_location) VALUES (342, 'Informatique', 3, 1, 'COURS', 'Site_B');
INSERT INTO users (id, nom, prenom, email, role) VALUES (343, 'Nom_ETU0244', 'Prenom_ETU0244', 'etu0244@univ.cm', 'USER');
INSERT INTO profile_contexts (user_id, filiere, annee, semester, rythme, principal_location) VALUES (343, 'Commerce', 3, 1, 'STAGE', 'Site_A');
INSERT INTO users (id, nom, prenom, email, role) VALUES (344, 'Nom_ETU0245', 'Prenom_ETU0245', 'etu0245@univ.cm', 'USER');
INSERT INTO profile_contexts (user_id, filiere, annee, semester, rythme, principal_location) VALUES (344, 'Informatique', 4, 1, 'COURS', 'Site_A');
INSERT INTO users (id, nom, prenom, email, role) VALUES (345, 'Nom_ETU0246', 'Prenom_ETU0246', 'etu0246@univ.cm', 'USER');
INSERT INTO profile_contexts (user_id, filiere, annee, semester, rythme, principal_location) VALUES (345, 'Architecture', 3, 1, 'STAGE', 'Site_C');
INSERT INTO interests (user_id, tag) VALUES (345, 'Jeux-vidéo') ON CONFLICT DO NOTHING;
INSERT INTO interests (user_id, tag) VALUES (345, 'Politique') ON CONFLICT DO NOTHING;
INSERT INTO interests (user_id, tag) VALUES (345, 'Langues') ON CONFLICT DO NOTHING;
INSERT INTO interests (user_id, tag) VALUES (345, 'Lecture') ON CONFLICT DO NOTHING;
INSERT INTO interests (user_id, tag) VALUES (345, 'Art') ON CONFLICT DO NOTHING;
INSERT INTO users (id, nom, prenom, email, role) VALUES (346, 'Nom_ETU0247', 'Prenom_ETU0247', 'etu0247@univ.cm', 'USER');
INSERT INTO profile_contexts (user_id, filiere, annee, semester, rythme, principal_location) VALUES (346, 'Économie', 5, 1, 'STAGE', 'Site_B');
INSERT INTO users (id, nom, prenom, email, role) VALUES (347, 'Nom_ETU0248', 'Prenom_ETU0248', 'etu0248@univ.cm', 'USER');
INSERT INTO profile_contexts (user_id, filiere, annee, semester, rythme, principal_location) VALUES (347, 'Informatique', 3, 1, 'STAGE', 'Site_A');
INSERT INTO interests (user_id, tag) VALUES (347, 'Lecture') ON CONFLICT DO NOTHING;
INSERT INTO interests (user_id, tag) VALUES (347, 'Jeux-vidéo') ON CONFLICT DO NOTHING;
INSERT INTO interests (user_id, tag) VALUES (347, 'Art') ON CONFLICT DO NOTHING;
INSERT INTO users (id, nom, prenom, email, role) VALUES (348, 'Nom_ETU0249', 'Prenom_ETU0249', 'etu0249@univ.cm', 'USER');
INSERT INTO profile_contexts (user_id, filiere, annee, semester, rythme, principal_location) VALUES (348, 'Économie', 4, 1, 'STAGE', 'Site_A');
INSERT INTO users (id, nom, prenom, email, role) VALUES (349, 'Nom_ETU0250', 'Prenom_ETU0250', 'etu0250@univ.cm', 'USER');
INSERT INTO profile_contexts (user_id, filiere, annee, semester, rythme, principal_location) VALUES (349, 'Lettres', 4, 1, 'STAGE', 'Site_B');
INSERT INTO interests (user_id, tag) VALUES (349, 'Coding') ON CONFLICT DO NOTHING;
INSERT INTO interests (user_id, tag) VALUES (349, 'Gaming') ON CONFLICT DO NOTHING;
INSERT INTO users (id, nom, prenom, email, role) VALUES (350, 'Nom_ETU0251', 'Prenom_ETU0251', 'etu0251@univ.cm', 'USER');
INSERT INTO profile_contexts (user_id, filiere, annee, semester, rythme, principal_location) VALUES (350, 'Commerce', 4, 1, 'COURS', 'Site_B');
INSERT INTO users (id, nom, prenom, email, role) VALUES (351, 'Nom_ETU0252', 'Prenom_ETU0252', 'etu0252@univ.cm', 'USER');
INSERT INTO profile_contexts (user_id, filiere, annee, semester, rythme, principal_location) VALUES (351, 'Physique', 3, 1, 'COURS', 'Site_A');
INSERT INTO interests (user_id, tag) VALUES (351, 'Danse') ON CONFLICT DO NOTHING;
INSERT INTO interests (user_id, tag) VALUES (351, 'Gaming') ON CONFLICT DO NOTHING;
INSERT INTO users (id, nom, prenom, email, role) VALUES (352, 'Nom_ETU0253', 'Prenom_ETU0253', 'etu0253@univ.cm', 'USER');
INSERT INTO profile_contexts (user_id, filiere, annee, semester, rythme, principal_location) VALUES (352, 'Biologie', 2, 1, 'STAGE', 'Site_A');
INSERT INTO interests (user_id, tag) VALUES (352, 'Jeux-vidéo') ON CONFLICT DO NOTHING;
INSERT INTO interests (user_id, tag) VALUES (352, 'Coding') ON CONFLICT DO NOTHING;
INSERT INTO interests (user_id, tag) VALUES (352, 'Cinema') ON CONFLICT DO NOTHING;
INSERT INTO interests (user_id, tag) VALUES (352, 'Musique') ON CONFLICT DO NOTHING;
INSERT INTO users (id, nom, prenom, email, role) VALUES (353, 'Nom_ETU0254', 'Prenom_ETU0254', 'etu0254@univ.cm', 'USER');
INSERT INTO profile_contexts (user_id, filiere, annee, semester, rythme, principal_location) VALUES (353, 'Biologie', 3, 1, 'COURS', 'Site_A');
INSERT INTO interests (user_id, tag) VALUES (353, 'Art') ON CONFLICT DO NOTHING;
INSERT INTO interests (user_id, tag) VALUES (353, 'Musique') ON CONFLICT DO NOTHING;
INSERT INTO users (id, nom, prenom, email, role) VALUES (354, 'Nom_ETU0255', 'Prenom_ETU0255', 'etu0255@univ.cm', 'USER');
INSERT INTO profile_contexts (user_id, filiere, annee, semester, rythme, principal_location) VALUES (354, 'Médecine', 5, 1, 'COURS', 'Site_C');
INSERT INTO users (id, nom, prenom, email, role) VALUES (355, 'Nom_ETU0256', 'Prenom_ETU0256', 'etu0256@univ.cm', 'USER');
INSERT INTO profile_contexts (user_id, filiere, annee, semester, rythme, principal_location) VALUES (355, 'Biologie', 2, 1, 'COURS', 'Site_A');
INSERT INTO users (id, nom, prenom, email, role) VALUES (356, 'Nom_ETU0257', 'Prenom_ETU0257', 'etu0257@univ.cm', 'USER');
INSERT INTO profile_contexts (user_id, filiere, annee, semester, rythme, principal_location) VALUES (356, 'Lettres', 3, 1, 'STAGE', 'Site_A');
INSERT INTO users (id, nom, prenom, email, role) VALUES (357, 'Nom_ETU0258', 'Prenom_ETU0258', 'etu0258@univ.cm', 'USER');
INSERT INTO profile_contexts (user_id, filiere, annee, semester, rythme, principal_location) VALUES (357, 'Médecine', 4, 1, 'STAGE', 'Site_A');
INSERT INTO users (id, nom, prenom, email, role) VALUES (358, 'Nom_ETU0259', 'Prenom_ETU0259', 'etu0259@univ.cm', 'USER');
INSERT INTO profile_contexts (user_id, filiere, annee, semester, rythme, principal_location) VALUES (358, 'Génie Civil', 2, 1, 'STAGE', 'Site_C');
INSERT INTO interests (user_id, tag) VALUES (358, 'Voyage') ON CONFLICT DO NOTHING;
INSERT INTO interests (user_id, tag) VALUES (358, 'Cuisine') ON CONFLICT DO NOTHING;
INSERT INTO interests (user_id, tag) VALUES (358, 'Langues') ON CONFLICT DO NOTHING;
INSERT INTO interests (user_id, tag) VALUES (358, 'Jeux-vidéo') ON CONFLICT DO NOTHING;
INSERT INTO interests (user_id, tag) VALUES (358, 'Lecture') ON CONFLICT DO NOTHING;
INSERT INTO users (id, nom, prenom, email, role) VALUES (359, 'Nom_ETU0260', 'Prenom_ETU0260', 'etu0260@univ.cm', 'USER');
INSERT INTO profile_contexts (user_id, filiere, annee, semester, rythme, principal_location) VALUES (359, 'Droit', 5, 1, 'STAGE', 'Site_A');
INSERT INTO interests (user_id, tag) VALUES (359, 'Cinema') ON CONFLICT DO NOTHING;
INSERT INTO interests (user_id, tag) VALUES (359, 'Danse') ON CONFLICT DO NOTHING;
INSERT INTO interests (user_id, tag) VALUES (359, 'Sport') ON CONFLICT DO NOTHING;
INSERT INTO interests (user_id, tag) VALUES (359, 'Lecture') ON CONFLICT DO NOTHING;
INSERT INTO interests (user_id, tag) VALUES (359, 'Photographie') ON CONFLICT DO NOTHING;
INSERT INTO users (id, nom, prenom, email, role) VALUES (360, 'Nom_ETU0261', 'Prenom_ETU0261', 'etu0261@univ.cm', 'USER');
INSERT INTO profile_contexts (user_id, filiere, annee, semester, rythme, principal_location) VALUES (360, 'Informatique', 3, 1, 'COURS', 'Site_A');
INSERT INTO interests (user_id, tag) VALUES (360, 'Voyage') ON CONFLICT DO NOTHING;
INSERT INTO interests (user_id, tag) VALUES (360, 'Entrepreneuriat') ON CONFLICT DO NOTHING;
INSERT INTO interests (user_id, tag) VALUES (360, 'Danse') ON CONFLICT DO NOTHING;
INSERT INTO interests (user_id, tag) VALUES (360, 'Jeux-vidéo') ON CONFLICT DO NOTHING;
INSERT INTO interests (user_id, tag) VALUES (360, 'Photographie') ON CONFLICT DO NOTHING;
INSERT INTO users (id, nom, prenom, email, role) VALUES (361, 'Nom_ETU0262', 'Prenom_ETU0262', 'etu0262@univ.cm', 'USER');
INSERT INTO profile_contexts (user_id, filiere, annee, semester, rythme, principal_location) VALUES (361, 'Économie', 2, 1, 'COURS', 'Site_A');
INSERT INTO users (id, nom, prenom, email, role) VALUES (362, 'Nom_ETU0263', 'Prenom_ETU0263', 'etu0263@univ.cm', 'USER');
INSERT INTO profile_contexts (user_id, filiere, annee, semester, rythme, principal_location) VALUES (362, 'Commerce', 5, 1, 'COURS', 'Site_B');
INSERT INTO interests (user_id, tag) VALUES (362, 'Musique') ON CONFLICT DO NOTHING;
INSERT INTO interests (user_id, tag) VALUES (362, 'Entrepreneuriat') ON CONFLICT DO NOTHING;
INSERT INTO interests (user_id, tag) VALUES (362, 'Lecture') ON CONFLICT DO NOTHING;
INSERT INTO interests (user_id, tag) VALUES (362, 'Jeux-vidéo') ON CONFLICT DO NOTHING;
INSERT INTO users (id, nom, prenom, email, role) VALUES (363, 'Nom_ETU0264', 'Prenom_ETU0264', 'etu0264@univ.cm', 'USER');
INSERT INTO profile_contexts (user_id, filiere, annee, semester, rythme, principal_location) VALUES (363, 'Informatique', 2, 1, 'COURS', 'Site_B');
INSERT INTO users (id, nom, prenom, email, role) VALUES (364, 'Nom_ETU0265', 'Prenom_ETU0265', 'etu0265@univ.cm', 'USER');
INSERT INTO profile_contexts (user_id, filiere, annee, semester, rythme, principal_location) VALUES (364, 'Informatique', 2, 1, 'COURS', 'Site_A');
INSERT INTO interests (user_id, tag) VALUES (364, 'Entrepreneuriat') ON CONFLICT DO NOTHING;
INSERT INTO interests (user_id, tag) VALUES (364, 'Langues') ON CONFLICT DO NOTHING;
INSERT INTO interests (user_id, tag) VALUES (364, 'Gaming') ON CONFLICT DO NOTHING;
INSERT INTO interests (user_id, tag) VALUES (364, 'Art') ON CONFLICT DO NOTHING;
INSERT INTO users (id, nom, prenom, email, role) VALUES (365, 'Nom_ETU0266', 'Prenom_ETU0266', 'etu0266@univ.cm', 'USER');
INSERT INTO profile_contexts (user_id, filiere, annee, semester, rythme, principal_location) VALUES (365, 'Informatique', 3, 1, 'STAGE', 'Site_B');
INSERT INTO interests (user_id, tag) VALUES (365, 'Cinema') ON CONFLICT DO NOTHING;
INSERT INTO interests (user_id, tag) VALUES (365, 'Art') ON CONFLICT DO NOTHING;
INSERT INTO users (id, nom, prenom, email, role) VALUES (366, 'Nom_ETU0267', 'Prenom_ETU0267', 'etu0267@univ.cm', 'USER');
INSERT INTO profile_contexts (user_id, filiere, annee, semester, rythme, principal_location) VALUES (366, 'Lettres', 1, 1, 'COURS', 'Site_C');
INSERT INTO users (id, nom, prenom, email, role) VALUES (367, 'Nom_ETU0268', 'Prenom_ETU0268', 'etu0268@univ.cm', 'USER');
INSERT INTO profile_contexts (user_id, filiere, annee, semester, rythme, principal_location) VALUES (367, 'Commerce', 1, 1, 'COURS', 'Site_A');
INSERT INTO users (id, nom, prenom, email, role) VALUES (368, 'Nom_ETU0269', 'Prenom_ETU0269', 'etu0269@univ.cm', 'USER');
INSERT INTO profile_contexts (user_id, filiere, annee, semester, rythme, principal_location) VALUES (368, 'Médecine', 2, 1, 'STAGE', 'Site_A');
INSERT INTO interests (user_id, tag) VALUES (368, 'Lecture') ON CONFLICT DO NOTHING;
INSERT INTO interests (user_id, tag) VALUES (368, 'Voyage') ON CONFLICT DO NOTHING;
INSERT INTO interests (user_id, tag) VALUES (368, 'Langues') ON CONFLICT DO NOTHING;
INSERT INTO interests (user_id, tag) VALUES (368, 'Cuisine') ON CONFLICT DO NOTHING;
INSERT INTO interests (user_id, tag) VALUES (368, 'Coding') ON CONFLICT DO NOTHING;
INSERT INTO users (id, nom, prenom, email, role) VALUES (369, 'Nom_ETU0270', 'Prenom_ETU0270', 'etu0270@univ.cm', 'USER');
INSERT INTO profile_contexts (user_id, filiere, annee, semester, rythme, principal_location) VALUES (369, 'Droit', 5, 1, 'COURS', 'Site_B');
INSERT INTO interests (user_id, tag) VALUES (369, 'Coding') ON CONFLICT DO NOTHING;
INSERT INTO interests (user_id, tag) VALUES (369, 'Cinema') ON CONFLICT DO NOTHING;
INSERT INTO interests (user_id, tag) VALUES (369, 'Gaming') ON CONFLICT DO NOTHING;
INSERT INTO interests (user_id, tag) VALUES (369, 'Langues') ON CONFLICT DO NOTHING;
INSERT INTO interests (user_id, tag) VALUES (369, 'Voyage') ON CONFLICT DO NOTHING;
INSERT INTO users (id, nom, prenom, email, role) VALUES (370, 'Nom_ETU0271', 'Prenom_ETU0271', 'etu0271@univ.cm', 'USER');
INSERT INTO profile_contexts (user_id, filiere, annee, semester, rythme, principal_location) VALUES (370, 'Lettres', 2, 1, 'STAGE', 'Site_B');
INSERT INTO users (id, nom, prenom, email, role) VALUES (371, 'Nom_ETU0272', 'Prenom_ETU0272', 'etu0272@univ.cm', 'USER');
INSERT INTO profile_contexts (user_id, filiere, annee, semester, rythme, principal_location) VALUES (371, 'Commerce', 2, 1, 'COURS', 'Site_B');
INSERT INTO users (id, nom, prenom, email, role) VALUES (372, 'Nom_ETU0273', 'Prenom_ETU0273', 'etu0273@univ.cm', 'USER');
INSERT INTO profile_contexts (user_id, filiere, annee, semester, rythme, principal_location) VALUES (372, 'Informatique', 4, 1, 'COURS', 'Site_C');
INSERT INTO interests (user_id, tag) VALUES (372, 'Lecture') ON CONFLICT DO NOTHING;
INSERT INTO interests (user_id, tag) VALUES (372, 'Entrepreneuriat') ON CONFLICT DO NOTHING;
INSERT INTO users (id, nom, prenom, email, role) VALUES (373, 'Nom_ETU0274', 'Prenom_ETU0274', 'etu0274@univ.cm', 'USER');
INSERT INTO profile_contexts (user_id, filiere, annee, semester, rythme, principal_location) VALUES (373, 'Économie', 1, 1, 'STAGE', 'Site_A');
INSERT INTO users (id, nom, prenom, email, role) VALUES (374, 'Nom_ETU0275', 'Prenom_ETU0275', 'etu0275@univ.cm', 'USER');
INSERT INTO profile_contexts (user_id, filiere, annee, semester, rythme, principal_location) VALUES (374, 'Médecine', 4, 1, 'COURS', 'Site_C');
INSERT INTO users (id, nom, prenom, email, role) VALUES (375, 'Nom_ETU0276', 'Prenom_ETU0276', 'etu0276@univ.cm', 'USER');
INSERT INTO profile_contexts (user_id, filiere, annee, semester, rythme, principal_location) VALUES (375, 'Lettres', 3, 1, 'COURS', 'Site_A');
INSERT INTO users (id, nom, prenom, email, role) VALUES (376, 'Nom_ETU0277', 'Prenom_ETU0277', 'etu0277@univ.cm', 'USER');
INSERT INTO profile_contexts (user_id, filiere, annee, semester, rythme, principal_location) VALUES (376, 'Médecine', 4, 1, 'COURS', 'Site_B');
INSERT INTO users (id, nom, prenom, email, role) VALUES (377, 'Nom_ETU0278', 'Prenom_ETU0278', 'etu0278@univ.cm', 'USER');
INSERT INTO profile_contexts (user_id, filiere, annee, semester, rythme, principal_location) VALUES (377, 'Génie Civil', 1, 1, 'COURS', 'Site_C');
INSERT INTO users (id, nom, prenom, email, role) VALUES (378, 'Nom_ETU0279', 'Prenom_ETU0279', 'etu0279@univ.cm', 'USER');
INSERT INTO profile_contexts (user_id, filiere, annee, semester, rythme, principal_location) VALUES (378, 'Génie Civil', 2, 1, 'STAGE', 'Site_B');
INSERT INTO interests (user_id, tag) VALUES (378, 'Danse') ON CONFLICT DO NOTHING;
INSERT INTO interests (user_id, tag) VALUES (378, 'Cinema') ON CONFLICT DO NOTHING;
INSERT INTO users (id, nom, prenom, email, role) VALUES (379, 'Nom_ETU0280', 'Prenom_ETU0280', 'etu0280@univ.cm', 'USER');
INSERT INTO profile_contexts (user_id, filiere, annee, semester, rythme, principal_location) VALUES (379, 'Commerce', 2, 1, 'COURS', 'Site_A');
INSERT INTO users (id, nom, prenom, email, role) VALUES (380, 'Nom_ETU0281', 'Prenom_ETU0281', 'etu0281@univ.cm', 'USER');
INSERT INTO profile_contexts (user_id, filiere, annee, semester, rythme, principal_location) VALUES (380, 'Médecine', 2, 1, 'STAGE', 'Site_B');
INSERT INTO interests (user_id, tag) VALUES (380, 'Politique') ON CONFLICT DO NOTHING;
INSERT INTO interests (user_id, tag) VALUES (380, 'Langues') ON CONFLICT DO NOTHING;
INSERT INTO users (id, nom, prenom, email, role) VALUES (381, 'Nom_ETU0282', 'Prenom_ETU0282', 'etu0282@univ.cm', 'USER');
INSERT INTO profile_contexts (user_id, filiere, annee, semester, rythme, principal_location) VALUES (381, 'Médecine', 1, 1, 'COURS', 'Site_B');
INSERT INTO interests (user_id, tag) VALUES (381, 'Photographie') ON CONFLICT DO NOTHING;
INSERT INTO interests (user_id, tag) VALUES (381, 'Sport') ON CONFLICT DO NOTHING;
INSERT INTO users (id, nom, prenom, email, role) VALUES (382, 'Nom_ETU0283', 'Prenom_ETU0283', 'etu0283@univ.cm', 'USER');
INSERT INTO profile_contexts (user_id, filiere, annee, semester, rythme, principal_location) VALUES (382, 'Informatique', 4, 1, 'COURS', 'Site_A');
INSERT INTO interests (user_id, tag) VALUES (382, 'Langues') ON CONFLICT DO NOTHING;
INSERT INTO interests (user_id, tag) VALUES (382, 'Jeux-vidéo') ON CONFLICT DO NOTHING;
INSERT INTO interests (user_id, tag) VALUES (382, 'Cinema') ON CONFLICT DO NOTHING;
INSERT INTO users (id, nom, prenom, email, role) VALUES (383, 'Nom_ETU0284', 'Prenom_ETU0284', 'etu0284@univ.cm', 'USER');
INSERT INTO profile_contexts (user_id, filiere, annee, semester, rythme, principal_location) VALUES (383, 'Économie', 4, 1, 'COURS', 'Site_C');
INSERT INTO users (id, nom, prenom, email, role) VALUES (384, 'Nom_ETU0285', 'Prenom_ETU0285', 'etu0285@univ.cm', 'USER');
INSERT INTO profile_contexts (user_id, filiere, annee, semester, rythme, principal_location) VALUES (384, 'Médecine', 4, 1, 'COURS', 'Site_C');
INSERT INTO users (id, nom, prenom, email, role) VALUES (385, 'Nom_ETU0286', 'Prenom_ETU0286', 'etu0286@univ.cm', 'USER');
INSERT INTO profile_contexts (user_id, filiere, annee, semester, rythme, principal_location) VALUES (385, 'Commerce', 4, 1, 'STAGE', 'Site_C');
INSERT INTO users (id, nom, prenom, email, role) VALUES (386, 'Nom_ETU0287', 'Prenom_ETU0287', 'etu0287@univ.cm', 'USER');
INSERT INTO profile_contexts (user_id, filiere, annee, semester, rythme, principal_location) VALUES (386, 'Architecture', 2, 1, 'COURS', 'Site_B');
INSERT INTO users (id, nom, prenom, email, role) VALUES (387, 'Nom_ETU0288', 'Prenom_ETU0288', 'etu0288@univ.cm', 'USER');
INSERT INTO profile_contexts (user_id, filiere, annee, semester, rythme, principal_location) VALUES (387, 'Droit', 3, 1, 'COURS', 'Site_C');
INSERT INTO users (id, nom, prenom, email, role) VALUES (388, 'Nom_ETU0289', 'Prenom_ETU0289', 'etu0289@univ.cm', 'USER');
INSERT INTO profile_contexts (user_id, filiere, annee, semester, rythme, principal_location) VALUES (388, 'Médecine', 2, 1, 'STAGE', 'Site_B');
INSERT INTO users (id, nom, prenom, email, role) VALUES (389, 'Nom_ETU0290', 'Prenom_ETU0290', 'etu0290@univ.cm', 'USER');
INSERT INTO profile_contexts (user_id, filiere, annee, semester, rythme, principal_location) VALUES (389, 'Droit', 4, 1, 'COURS', 'Site_A');
INSERT INTO users (id, nom, prenom, email, role) VALUES (390, 'Nom_ETU0291', 'Prenom_ETU0291', 'etu0291@univ.cm', 'USER');
INSERT INTO profile_contexts (user_id, filiere, annee, semester, rythme, principal_location) VALUES (390, 'Architecture', 2, 1, 'COURS', 'Site_B');
INSERT INTO users (id, nom, prenom, email, role) VALUES (391, 'Nom_ETU0292', 'Prenom_ETU0292', 'etu0292@univ.cm', 'USER');
INSERT INTO profile_contexts (user_id, filiere, annee, semester, rythme, principal_location) VALUES (391, 'Lettres', 1, 1, 'STAGE', 'Site_C');
INSERT INTO users (id, nom, prenom, email, role) VALUES (392, 'Nom_ETU0293', 'Prenom_ETU0293', 'etu0293@univ.cm', 'USER');
INSERT INTO profile_contexts (user_id, filiere, annee, semester, rythme, principal_location) VALUES (392, 'Lettres', 4, 1, 'COURS', 'Site_B');
INSERT INTO users (id, nom, prenom, email, role) VALUES (393, 'Nom_ETU0294', 'Prenom_ETU0294', 'etu0294@univ.cm', 'USER');
INSERT INTO profile_contexts (user_id, filiere, annee, semester, rythme, principal_location) VALUES (393, 'Lettres', 2, 1, 'STAGE', 'Site_C');
INSERT INTO interests (user_id, tag) VALUES (393, 'Lecture') ON CONFLICT DO NOTHING;
INSERT INTO interests (user_id, tag) VALUES (393, 'Danse') ON CONFLICT DO NOTHING;
INSERT INTO interests (user_id, tag) VALUES (393, 'Politique') ON CONFLICT DO NOTHING;
INSERT INTO interests (user_id, tag) VALUES (393, 'Jeux-vidéo') ON CONFLICT DO NOTHING;
INSERT INTO users (id, nom, prenom, email, role) VALUES (394, 'Nom_ETU0295', 'Prenom_ETU0295', 'etu0295@univ.cm', 'USER');
INSERT INTO profile_contexts (user_id, filiere, annee, semester, rythme, principal_location) VALUES (394, 'Biologie', 5, 1, 'COURS', 'Site_C');
INSERT INTO users (id, nom, prenom, email, role) VALUES (395, 'Nom_ETU0296', 'Prenom_ETU0296', 'etu0296@univ.cm', 'USER');
INSERT INTO profile_contexts (user_id, filiere, annee, semester, rythme, principal_location) VALUES (395, 'Lettres', 1, 1, 'COURS', 'Site_B');
INSERT INTO users (id, nom, prenom, email, role) VALUES (396, 'Nom_ETU0297', 'Prenom_ETU0297', 'etu0297@univ.cm', 'USER');
INSERT INTO profile_contexts (user_id, filiere, annee, semester, rythme, principal_location) VALUES (396, 'Économie', 2, 1, 'COURS', 'Site_A');
INSERT INTO users (id, nom, prenom, email, role) VALUES (397, 'Nom_ETU0298', 'Prenom_ETU0298', 'etu0298@univ.cm', 'USER');
INSERT INTO profile_contexts (user_id, filiere, annee, semester, rythme, principal_location) VALUES (397, 'Biologie', 2, 1, 'COURS', 'Site_B');
INSERT INTO interests (user_id, tag) VALUES (397, 'Entrepreneuriat') ON CONFLICT DO NOTHING;
INSERT INTO interests (user_id, tag) VALUES (397, 'Cuisine') ON CONFLICT DO NOTHING;
INSERT INTO interests (user_id, tag) VALUES (397, 'Musique') ON CONFLICT DO NOTHING;
INSERT INTO interests (user_id, tag) VALUES (397, 'Photographie') ON CONFLICT DO NOTHING;
INSERT INTO users (id, nom, prenom, email, role) VALUES (398, 'Nom_ETU0299', 'Prenom_ETU0299', 'etu0299@univ.cm', 'USER');
INSERT INTO profile_contexts (user_id, filiere, annee, semester, rythme, principal_location) VALUES (398, 'Économie', 1, 1, 'COURS', 'Site_A');
INSERT INTO users (id, nom, prenom, email, role) VALUES (399, 'Nom_ETU0300', 'Prenom_ETU0300', 'etu0300@univ.cm', 'USER');
INSERT INTO profile_contexts (user_id, filiere, annee, semester, rythme, principal_location) VALUES (399, 'Génie Civil', 3, 1, 'COURS', 'Site_C');
INSERT INTO users (id, nom, prenom, email, role) VALUES (400, 'Nom_ETU0301', 'Prenom_ETU0301', 'etu0301@univ.cm', 'USER');
INSERT INTO profile_contexts (user_id, filiere, annee, semester, rythme, principal_location) VALUES (400, 'Biologie', 2, 1, 'COURS', 'Site_B');
INSERT INTO users (id, nom, prenom, email, role) VALUES (401, 'Nom_ETU0302', 'Prenom_ETU0302', 'etu0302@univ.cm', 'USER');
INSERT INTO profile_contexts (user_id, filiere, annee, semester, rythme, principal_location) VALUES (401, 'Économie', 2, 1, 'STAGE', 'Site_B');
INSERT INTO users (id, nom, prenom, email, role) VALUES (402, 'Nom_ETU0303', 'Prenom_ETU0303', 'etu0303@univ.cm', 'USER');
INSERT INTO profile_contexts (user_id, filiere, annee, semester, rythme, principal_location) VALUES (402, 'Économie', 5, 1, 'COURS', 'Site_A');
INSERT INTO users (id, nom, prenom, email, role) VALUES (403, 'Nom_ETU0304', 'Prenom_ETU0304', 'etu0304@univ.cm', 'USER');
INSERT INTO profile_contexts (user_id, filiere, annee, semester, rythme, principal_location) VALUES (403, 'Génie Civil', 3, 1, 'COURS', 'Site_B');
INSERT INTO interests (user_id, tag) VALUES (403, 'Musique') ON CONFLICT DO NOTHING;
INSERT INTO interests (user_id, tag) VALUES (403, 'Danse') ON CONFLICT DO NOTHING;
INSERT INTO interests (user_id, tag) VALUES (403, 'Entrepreneuriat') ON CONFLICT DO NOTHING;
INSERT INTO interests (user_id, tag) VALUES (403, 'Cuisine') ON CONFLICT DO NOTHING;
INSERT INTO users (id, nom, prenom, email, role) VALUES (404, 'Nom_ETU0305', 'Prenom_ETU0305', 'etu0305@univ.cm', 'USER');
INSERT INTO profile_contexts (user_id, filiere, annee, semester, rythme, principal_location) VALUES (404, 'Physique', 1, 1, 'COURS', 'Site_B');
INSERT INTO users (id, nom, prenom, email, role) VALUES (405, 'Nom_ETU0306', 'Prenom_ETU0306', 'etu0306@univ.cm', 'USER');
INSERT INTO profile_contexts (user_id, filiere, annee, semester, rythme, principal_location) VALUES (405, 'Génie Civil', 1, 1, 'COURS', 'Site_C');
INSERT INTO interests (user_id, tag) VALUES (405, 'Entrepreneuriat') ON CONFLICT DO NOTHING;
INSERT INTO interests (user_id, tag) VALUES (405, 'Sport') ON CONFLICT DO NOTHING;
INSERT INTO interests (user_id, tag) VALUES (405, 'Cuisine') ON CONFLICT DO NOTHING;
INSERT INTO users (id, nom, prenom, email, role) VALUES (406, 'Nom_ETU0307', 'Prenom_ETU0307', 'etu0307@univ.cm', 'USER');
INSERT INTO profile_contexts (user_id, filiere, annee, semester, rythme, principal_location) VALUES (406, 'Biologie', 1, 1, 'STAGE', 'Site_C');
INSERT INTO users (id, nom, prenom, email, role) VALUES (407, 'Nom_ETU0308', 'Prenom_ETU0308', 'etu0308@univ.cm', 'USER');
INSERT INTO profile_contexts (user_id, filiere, annee, semester, rythme, principal_location) VALUES (407, 'Droit', 2, 1, 'COURS', 'Site_B');
INSERT INTO users (id, nom, prenom, email, role) VALUES (408, 'Nom_ETU0309', 'Prenom_ETU0309', 'etu0309@univ.cm', 'USER');
INSERT INTO profile_contexts (user_id, filiere, annee, semester, rythme, principal_location) VALUES (408, 'Biologie', 5, 1, 'COURS', 'Site_B');
INSERT INTO users (id, nom, prenom, email, role) VALUES (409, 'Nom_ETU0310', 'Prenom_ETU0310', 'etu0310@univ.cm', 'USER');
INSERT INTO profile_contexts (user_id, filiere, annee, semester, rythme, principal_location) VALUES (409, 'Médecine', 5, 1, 'COURS', 'Site_A');
INSERT INTO users (id, nom, prenom, email, role) VALUES (410, 'Nom_ETU0311', 'Prenom_ETU0311', 'etu0311@univ.cm', 'USER');
INSERT INTO profile_contexts (user_id, filiere, annee, semester, rythme, principal_location) VALUES (410, 'Économie', 4, 1, 'STAGE', 'Site_C');
INSERT INTO interests (user_id, tag) VALUES (410, 'Sport') ON CONFLICT DO NOTHING;
INSERT INTO interests (user_id, tag) VALUES (410, 'Jeux-vidéo') ON CONFLICT DO NOTHING;
INSERT INTO interests (user_id, tag) VALUES (410, 'Cinema') ON CONFLICT DO NOTHING;
INSERT INTO interests (user_id, tag) VALUES (410, 'Cuisine') ON CONFLICT DO NOTHING;
INSERT INTO interests (user_id, tag) VALUES (410, 'Coding') ON CONFLICT DO NOTHING;
INSERT INTO users (id, nom, prenom, email, role) VALUES (411, 'Nom_ETU0312', 'Prenom_ETU0312', 'etu0312@univ.cm', 'USER');
INSERT INTO profile_contexts (user_id, filiere, annee, semester, rythme, principal_location) VALUES (411, 'Physique', 3, 1, 'COURS', 'Site_A');
INSERT INTO interests (user_id, tag) VALUES (411, 'Cinema') ON CONFLICT DO NOTHING;
INSERT INTO interests (user_id, tag) VALUES (411, 'Langues') ON CONFLICT DO NOTHING;
INSERT INTO interests (user_id, tag) VALUES (411, 'Photographie') ON CONFLICT DO NOTHING;
INSERT INTO interests (user_id, tag) VALUES (411, 'Art') ON CONFLICT DO NOTHING;
INSERT INTO users (id, nom, prenom, email, role) VALUES (412, 'Nom_ETU0313', 'Prenom_ETU0313', 'etu0313@univ.cm', 'USER');
INSERT INTO profile_contexts (user_id, filiere, annee, semester, rythme, principal_location) VALUES (412, 'Physique', 3, 1, 'STAGE', 'Site_B');
INSERT INTO users (id, nom, prenom, email, role) VALUES (413, 'Nom_ETU0314', 'Prenom_ETU0314', 'etu0314@univ.cm', 'USER');
INSERT INTO profile_contexts (user_id, filiere, annee, semester, rythme, principal_location) VALUES (413, 'Biologie', 4, 1, 'COURS', 'Site_B');
INSERT INTO interests (user_id, tag) VALUES (413, 'Musique') ON CONFLICT DO NOTHING;
INSERT INTO interests (user_id, tag) VALUES (413, 'Cinema') ON CONFLICT DO NOTHING;
INSERT INTO interests (user_id, tag) VALUES (413, 'Art') ON CONFLICT DO NOTHING;
INSERT INTO users (id, nom, prenom, email, role) VALUES (414, 'Nom_ETU0315', 'Prenom_ETU0315', 'etu0315@univ.cm', 'USER');
INSERT INTO profile_contexts (user_id, filiere, annee, semester, rythme, principal_location) VALUES (414, 'Informatique', 2, 1, 'COURS', 'Site_A');
INSERT INTO users (id, nom, prenom, email, role) VALUES (415, 'Nom_ETU0316', 'Prenom_ETU0316', 'etu0316@univ.cm', 'USER');
INSERT INTO profile_contexts (user_id, filiere, annee, semester, rythme, principal_location) VALUES (415, 'Biologie', 1, 1, 'COURS', 'Site_A');
INSERT INTO interests (user_id, tag) VALUES (415, 'Politique') ON CONFLICT DO NOTHING;
INSERT INTO interests (user_id, tag) VALUES (415, 'Photographie') ON CONFLICT DO NOTHING;
INSERT INTO interests (user_id, tag) VALUES (415, 'Jeux-vidéo') ON CONFLICT DO NOTHING;
INSERT INTO interests (user_id, tag) VALUES (415, 'Coding') ON CONFLICT DO NOTHING;
INSERT INTO interests (user_id, tag) VALUES (415, 'Langues') ON CONFLICT DO NOTHING;
INSERT INTO users (id, nom, prenom, email, role) VALUES (416, 'Nom_ETU0317', 'Prenom_ETU0317', 'etu0317@univ.cm', 'USER');
INSERT INTO profile_contexts (user_id, filiere, annee, semester, rythme, principal_location) VALUES (416, 'Informatique', 4, 1, 'COURS', 'Site_C');
INSERT INTO users (id, nom, prenom, email, role) VALUES (417, 'Nom_ETU0318', 'Prenom_ETU0318', 'etu0318@univ.cm', 'USER');
INSERT INTO profile_contexts (user_id, filiere, annee, semester, rythme, principal_location) VALUES (417, 'Biologie', 5, 1, 'COURS', 'Site_C');
INSERT INTO users (id, nom, prenom, email, role) VALUES (418, 'Nom_ETU0319', 'Prenom_ETU0319', 'etu0319@univ.cm', 'USER');
INSERT INTO profile_contexts (user_id, filiere, annee, semester, rythme, principal_location) VALUES (418, 'Économie', 3, 1, 'COURS', 'Site_B');
INSERT INTO users (id, nom, prenom, email, role) VALUES (419, 'Nom_ETU0320', 'Prenom_ETU0320', 'etu0320@univ.cm', 'USER');
INSERT INTO profile_contexts (user_id, filiere, annee, semester, rythme, principal_location) VALUES (419, 'Génie Civil', 1, 1, 'COURS', 'Site_C');
INSERT INTO users (id, nom, prenom, email, role) VALUES (420, 'Nom_ETU0321', 'Prenom_ETU0321', 'etu0321@univ.cm', 'USER');
INSERT INTO profile_contexts (user_id, filiere, annee, semester, rythme, principal_location) VALUES (420, 'Économie', 3, 1, 'STAGE', 'Site_B');
INSERT INTO interests (user_id, tag) VALUES (420, 'Lecture') ON CONFLICT DO NOTHING;
INSERT INTO interests (user_id, tag) VALUES (420, 'Jeux-vidéo') ON CONFLICT DO NOTHING;
INSERT INTO interests (user_id, tag) VALUES (420, 'Entrepreneuriat') ON CONFLICT DO NOTHING;
INSERT INTO interests (user_id, tag) VALUES (420, 'Langues') ON CONFLICT DO NOTHING;
INSERT INTO users (id, nom, prenom, email, role) VALUES (421, 'Nom_ETU0322', 'Prenom_ETU0322', 'etu0322@univ.cm', 'USER');
INSERT INTO profile_contexts (user_id, filiere, annee, semester, rythme, principal_location) VALUES (421, 'Lettres', 2, 1, 'COURS', 'Site_C');
INSERT INTO interests (user_id, tag) VALUES (421, 'Cinema') ON CONFLICT DO NOTHING;
INSERT INTO interests (user_id, tag) VALUES (421, 'Cuisine') ON CONFLICT DO NOTHING;
INSERT INTO interests (user_id, tag) VALUES (421, 'Coding') ON CONFLICT DO NOTHING;
INSERT INTO interests (user_id, tag) VALUES (421, 'Gaming') ON CONFLICT DO NOTHING;
INSERT INTO users (id, nom, prenom, email, role) VALUES (422, 'Nom_ETU0323', 'Prenom_ETU0323', 'etu0323@univ.cm', 'USER');
INSERT INTO profile_contexts (user_id, filiere, annee, semester, rythme, principal_location) VALUES (422, 'Droit', 5, 1, 'STAGE', 'Site_B');
INSERT INTO interests (user_id, tag) VALUES (422, 'Entrepreneuriat') ON CONFLICT DO NOTHING;
INSERT INTO interests (user_id, tag) VALUES (422, 'Cinema') ON CONFLICT DO NOTHING;
INSERT INTO interests (user_id, tag) VALUES (422, 'Jeux-vidéo') ON CONFLICT DO NOTHING;
INSERT INTO interests (user_id, tag) VALUES (422, 'Danse') ON CONFLICT DO NOTHING;
INSERT INTO users (id, nom, prenom, email, role) VALUES (423, 'Nom_ETU0324', 'Prenom_ETU0324', 'etu0324@univ.cm', 'USER');
INSERT INTO profile_contexts (user_id, filiere, annee, semester, rythme, principal_location) VALUES (423, 'Économie', 5, 1, 'STAGE', 'Site_A');
INSERT INTO interests (user_id, tag) VALUES (423, 'Danse') ON CONFLICT DO NOTHING;
INSERT INTO interests (user_id, tag) VALUES (423, 'Musique') ON CONFLICT DO NOTHING;
INSERT INTO interests (user_id, tag) VALUES (423, 'Lecture') ON CONFLICT DO NOTHING;
INSERT INTO interests (user_id, tag) VALUES (423, 'Voyage') ON CONFLICT DO NOTHING;
INSERT INTO users (id, nom, prenom, email, role) VALUES (424, 'Nom_ETU0325', 'Prenom_ETU0325', 'etu0325@univ.cm', 'USER');
INSERT INTO profile_contexts (user_id, filiere, annee, semester, rythme, principal_location) VALUES (424, 'Économie', 5, 1, 'COURS', 'Site_A');
INSERT INTO users (id, nom, prenom, email, role) VALUES (425, 'Nom_ETU0326', 'Prenom_ETU0326', 'etu0326@univ.cm', 'USER');
INSERT INTO profile_contexts (user_id, filiere, annee, semester, rythme, principal_location) VALUES (425, 'Droit', 5, 1, 'COURS', 'Site_C');
INSERT INTO users (id, nom, prenom, email, role) VALUES (426, 'Nom_ETU0327', 'Prenom_ETU0327', 'etu0327@univ.cm', 'USER');
INSERT INTO profile_contexts (user_id, filiere, annee, semester, rythme, principal_location) VALUES (426, 'Lettres', 4, 1, 'COURS', 'Site_B');
INSERT INTO interests (user_id, tag) VALUES (426, 'Coding') ON CONFLICT DO NOTHING;
INSERT INTO interests (user_id, tag) VALUES (426, 'Art') ON CONFLICT DO NOTHING;
INSERT INTO interests (user_id, tag) VALUES (426, 'Jeux-vidéo') ON CONFLICT DO NOTHING;
INSERT INTO interests (user_id, tag) VALUES (426, 'Musique') ON CONFLICT DO NOTHING;
INSERT INTO users (id, nom, prenom, email, role) VALUES (427, 'Nom_ETU0328', 'Prenom_ETU0328', 'etu0328@univ.cm', 'USER');
INSERT INTO profile_contexts (user_id, filiere, annee, semester, rythme, principal_location) VALUES (427, 'Physique', 3, 1, 'STAGE', 'Site_A');
INSERT INTO users (id, nom, prenom, email, role) VALUES (428, 'Nom_ETU0329', 'Prenom_ETU0329', 'etu0329@univ.cm', 'USER');
INSERT INTO profile_contexts (user_id, filiere, annee, semester, rythme, principal_location) VALUES (428, 'Biologie', 4, 1, 'COURS', 'Site_B');
INSERT INTO users (id, nom, prenom, email, role) VALUES (429, 'Nom_ETU0330', 'Prenom_ETU0330', 'etu0330@univ.cm', 'USER');
INSERT INTO profile_contexts (user_id, filiere, annee, semester, rythme, principal_location) VALUES (429, 'Lettres', 1, 1, 'COURS', 'Site_C');
INSERT INTO interests (user_id, tag) VALUES (429, 'Danse') ON CONFLICT DO NOTHING;
INSERT INTO interests (user_id, tag) VALUES (429, 'Sport') ON CONFLICT DO NOTHING;
INSERT INTO users (id, nom, prenom, email, role) VALUES (430, 'Nom_ETU0331', 'Prenom_ETU0331', 'etu0331@univ.cm', 'USER');
INSERT INTO profile_contexts (user_id, filiere, annee, semester, rythme, principal_location) VALUES (430, 'Génie Civil', 4, 1, 'COURS', 'Site_B');
INSERT INTO users (id, nom, prenom, email, role) VALUES (431, 'Nom_ETU0332', 'Prenom_ETU0332', 'etu0332@univ.cm', 'USER');
INSERT INTO profile_contexts (user_id, filiere, annee, semester, rythme, principal_location) VALUES (431, 'Physique', 5, 1, 'COURS', 'Site_B');
INSERT INTO users (id, nom, prenom, email, role) VALUES (432, 'Nom_ETU0333', 'Prenom_ETU0333', 'etu0333@univ.cm', 'USER');
INSERT INTO profile_contexts (user_id, filiere, annee, semester, rythme, principal_location) VALUES (432, 'Médecine', 4, 1, 'STAGE', 'Site_A');
INSERT INTO users (id, nom, prenom, email, role) VALUES (433, 'Nom_ETU0334', 'Prenom_ETU0334', 'etu0334@univ.cm', 'USER');
INSERT INTO profile_contexts (user_id, filiere, annee, semester, rythme, principal_location) VALUES (433, 'Lettres', 1, 1, 'COURS', 'Site_C');
INSERT INTO users (id, nom, prenom, email, role) VALUES (434, 'Nom_ETU0335', 'Prenom_ETU0335', 'etu0335@univ.cm', 'USER');
INSERT INTO profile_contexts (user_id, filiere, annee, semester, rythme, principal_location) VALUES (434, 'Génie Civil', 1, 1, 'COURS', 'Site_A');
INSERT INTO users (id, nom, prenom, email, role) VALUES (435, 'Nom_ETU0336', 'Prenom_ETU0336', 'etu0336@univ.cm', 'USER');
INSERT INTO profile_contexts (user_id, filiere, annee, semester, rythme, principal_location) VALUES (435, 'Informatique', 3, 1, 'STAGE', 'Site_A');
INSERT INTO users (id, nom, prenom, email, role) VALUES (436, 'Nom_ETU0337', 'Prenom_ETU0337', 'etu0337@univ.cm', 'USER');
INSERT INTO profile_contexts (user_id, filiere, annee, semester, rythme, principal_location) VALUES (436, 'Architecture', 1, 1, 'COURS', 'Site_A');
INSERT INTO users (id, nom, prenom, email, role) VALUES (437, 'Nom_ETU0338', 'Prenom_ETU0338', 'etu0338@univ.cm', 'USER');
INSERT INTO profile_contexts (user_id, filiere, annee, semester, rythme, principal_location) VALUES (437, 'Droit', 3, 1, 'COURS', 'Site_B');
INSERT INTO interests (user_id, tag) VALUES (437, 'Entrepreneuriat') ON CONFLICT DO NOTHING;
INSERT INTO interests (user_id, tag) VALUES (437, 'Photographie') ON CONFLICT DO NOTHING;
INSERT INTO users (id, nom, prenom, email, role) VALUES (438, 'Nom_ETU0339', 'Prenom_ETU0339', 'etu0339@univ.cm', 'USER');
INSERT INTO profile_contexts (user_id, filiere, annee, semester, rythme, principal_location) VALUES (438, 'Informatique', 1, 1, 'STAGE', 'Site_C');
INSERT INTO interests (user_id, tag) VALUES (438, 'Jeux-vidéo') ON CONFLICT DO NOTHING;
INSERT INTO interests (user_id, tag) VALUES (438, 'Musique') ON CONFLICT DO NOTHING;
INSERT INTO interests (user_id, tag) VALUES (438, 'Gaming') ON CONFLICT DO NOTHING;
INSERT INTO interests (user_id, tag) VALUES (438, 'Entrepreneuriat') ON CONFLICT DO NOTHING;
INSERT INTO interests (user_id, tag) VALUES (438, 'Coding') ON CONFLICT DO NOTHING;
INSERT INTO users (id, nom, prenom, email, role) VALUES (439, 'Nom_ETU0340', 'Prenom_ETU0340', 'etu0340@univ.cm', 'USER');
INSERT INTO profile_contexts (user_id, filiere, annee, semester, rythme, principal_location) VALUES (439, 'Économie', 3, 1, 'COURS', 'Site_A');
INSERT INTO users (id, nom, prenom, email, role) VALUES (440, 'Nom_ETU0341', 'Prenom_ETU0341', 'etu0341@univ.cm', 'USER');
INSERT INTO profile_contexts (user_id, filiere, annee, semester, rythme, principal_location) VALUES (440, 'Lettres', 4, 1, 'COURS', 'Site_A');
INSERT INTO interests (user_id, tag) VALUES (440, 'Coding') ON CONFLICT DO NOTHING;
INSERT INTO interests (user_id, tag) VALUES (440, 'Jeux-vidéo') ON CONFLICT DO NOTHING;
INSERT INTO users (id, nom, prenom, email, role) VALUES (441, 'Nom_ETU0342', 'Prenom_ETU0342', 'etu0342@univ.cm', 'USER');
INSERT INTO profile_contexts (user_id, filiere, annee, semester, rythme, principal_location) VALUES (441, 'Économie', 1, 1, 'COURS', 'Site_B');
INSERT INTO users (id, nom, prenom, email, role) VALUES (442, 'Nom_ETU0343', 'Prenom_ETU0343', 'etu0343@univ.cm', 'USER');
INSERT INTO profile_contexts (user_id, filiere, annee, semester, rythme, principal_location) VALUES (442, 'Économie', 4, 1, 'COURS', 'Site_B');
INSERT INTO interests (user_id, tag) VALUES (442, 'Musique') ON CONFLICT DO NOTHING;
INSERT INTO interests (user_id, tag) VALUES (442, 'Jeux-vidéo') ON CONFLICT DO NOTHING;
INSERT INTO interests (user_id, tag) VALUES (442, 'Art') ON CONFLICT DO NOTHING;
INSERT INTO users (id, nom, prenom, email, role) VALUES (443, 'Nom_ETU0344', 'Prenom_ETU0344', 'etu0344@univ.cm', 'USER');
INSERT INTO profile_contexts (user_id, filiere, annee, semester, rythme, principal_location) VALUES (443, 'Architecture', 4, 1, 'COURS', 'Site_C');
INSERT INTO interests (user_id, tag) VALUES (443, 'Politique') ON CONFLICT DO NOTHING;
INSERT INTO interests (user_id, tag) VALUES (443, 'Cuisine') ON CONFLICT DO NOTHING;
INSERT INTO interests (user_id, tag) VALUES (443, 'Gaming') ON CONFLICT DO NOTHING;
INSERT INTO users (id, nom, prenom, email, role) VALUES (444, 'Nom_ETU0345', 'Prenom_ETU0345', 'etu0345@univ.cm', 'USER');
INSERT INTO profile_contexts (user_id, filiere, annee, semester, rythme, principal_location) VALUES (444, 'Génie Civil', 4, 1, 'COURS', 'Site_A');
INSERT INTO users (id, nom, prenom, email, role) VALUES (445, 'Nom_ETU0346', 'Prenom_ETU0346', 'etu0346@univ.cm', 'USER');
INSERT INTO profile_contexts (user_id, filiere, annee, semester, rythme, principal_location) VALUES (445, 'Commerce', 5, 1, 'STAGE', 'Site_C');
INSERT INTO users (id, nom, prenom, email, role) VALUES (446, 'Nom_ETU0347', 'Prenom_ETU0347', 'etu0347@univ.cm', 'USER');
INSERT INTO profile_contexts (user_id, filiere, annee, semester, rythme, principal_location) VALUES (446, 'Commerce', 5, 1, 'COURS', 'Site_C');
INSERT INTO users (id, nom, prenom, email, role) VALUES (447, 'Nom_ETU0348', 'Prenom_ETU0348', 'etu0348@univ.cm', 'USER');
INSERT INTO profile_contexts (user_id, filiere, annee, semester, rythme, principal_location) VALUES (447, 'Droit', 3, 1, 'STAGE', 'Site_A');
INSERT INTO interests (user_id, tag) VALUES (447, 'Entrepreneuriat') ON CONFLICT DO NOTHING;
INSERT INTO interests (user_id, tag) VALUES (447, 'Danse') ON CONFLICT DO NOTHING;
INSERT INTO interests (user_id, tag) VALUES (447, 'Cuisine') ON CONFLICT DO NOTHING;
INSERT INTO users (id, nom, prenom, email, role) VALUES (448, 'Nom_ETU0349', 'Prenom_ETU0349', 'etu0349@univ.cm', 'USER');
INSERT INTO profile_contexts (user_id, filiere, annee, semester, rythme, principal_location) VALUES (448, 'Physique', 4, 1, 'STAGE', 'Site_B');
INSERT INTO users (id, nom, prenom, email, role) VALUES (449, 'Nom_ETU0350', 'Prenom_ETU0350', 'etu0350@univ.cm', 'USER');
INSERT INTO profile_contexts (user_id, filiere, annee, semester, rythme, principal_location) VALUES (449, 'Informatique', 5, 1, 'STAGE', 'Site_A');
INSERT INTO users (id, nom, prenom, email, role) VALUES (450, 'Nom_ETU0351', 'Prenom_ETU0351', 'etu0351@univ.cm', 'USER');
INSERT INTO profile_contexts (user_id, filiere, annee, semester, rythme, principal_location) VALUES (450, 'Lettres', 1, 1, 'COURS', 'Site_B');
INSERT INTO interests (user_id, tag) VALUES (450, 'Art') ON CONFLICT DO NOTHING;
INSERT INTO interests (user_id, tag) VALUES (450, 'Danse') ON CONFLICT DO NOTHING;
INSERT INTO interests (user_id, tag) VALUES (450, 'Voyage') ON CONFLICT DO NOTHING;
INSERT INTO interests (user_id, tag) VALUES (450, 'Langues') ON CONFLICT DO NOTHING;
INSERT INTO interests (user_id, tag) VALUES (450, 'Photographie') ON CONFLICT DO NOTHING;
INSERT INTO users (id, nom, prenom, email, role) VALUES (451, 'Nom_ETU0352', 'Prenom_ETU0352', 'etu0352@univ.cm', 'USER');
INSERT INTO profile_contexts (user_id, filiere, annee, semester, rythme, principal_location) VALUES (451, 'Lettres', 3, 1, 'STAGE', 'Site_B');
INSERT INTO interests (user_id, tag) VALUES (451, 'Art') ON CONFLICT DO NOTHING;
INSERT INTO interests (user_id, tag) VALUES (451, 'Musique') ON CONFLICT DO NOTHING;
INSERT INTO interests (user_id, tag) VALUES (451, 'Sport') ON CONFLICT DO NOTHING;
INSERT INTO interests (user_id, tag) VALUES (451, 'Jeux-vidéo') ON CONFLICT DO NOTHING;
INSERT INTO users (id, nom, prenom, email, role) VALUES (452, 'Nom_ETU0353', 'Prenom_ETU0353', 'etu0353@univ.cm', 'USER');
INSERT INTO profile_contexts (user_id, filiere, annee, semester, rythme, principal_location) VALUES (452, 'Génie Civil', 4, 1, 'STAGE', 'Site_A');
INSERT INTO users (id, nom, prenom, email, role) VALUES (453, 'Nom_ETU0354', 'Prenom_ETU0354', 'etu0354@univ.cm', 'USER');
INSERT INTO profile_contexts (user_id, filiere, annee, semester, rythme, principal_location) VALUES (453, 'Physique', 5, 1, 'COURS', 'Site_A');
INSERT INTO interests (user_id, tag) VALUES (453, 'Entrepreneuriat') ON CONFLICT DO NOTHING;
INSERT INTO interests (user_id, tag) VALUES (453, 'Art') ON CONFLICT DO NOTHING;
INSERT INTO users (id, nom, prenom, email, role) VALUES (454, 'Nom_ETU0355', 'Prenom_ETU0355', 'etu0355@univ.cm', 'USER');
INSERT INTO profile_contexts (user_id, filiere, annee, semester, rythme, principal_location) VALUES (454, 'Physique', 5, 1, 'STAGE', 'Site_A');
INSERT INTO interests (user_id, tag) VALUES (454, 'Art') ON CONFLICT DO NOTHING;
INSERT INTO interests (user_id, tag) VALUES (454, 'Coding') ON CONFLICT DO NOTHING;
INSERT INTO interests (user_id, tag) VALUES (454, 'Jeux-vidéo') ON CONFLICT DO NOTHING;
INSERT INTO users (id, nom, prenom, email, role) VALUES (455, 'Nom_ETU0356', 'Prenom_ETU0356', 'etu0356@univ.cm', 'USER');
INSERT INTO profile_contexts (user_id, filiere, annee, semester, rythme, principal_location) VALUES (455, 'Biologie', 4, 1, 'COURS', 'Site_C');
INSERT INTO interests (user_id, tag) VALUES (455, 'Cuisine') ON CONFLICT DO NOTHING;
INSERT INTO interests (user_id, tag) VALUES (455, 'Voyage') ON CONFLICT DO NOTHING;
INSERT INTO interests (user_id, tag) VALUES (455, 'Cinema') ON CONFLICT DO NOTHING;
INSERT INTO interests (user_id, tag) VALUES (455, 'Photographie') ON CONFLICT DO NOTHING;
INSERT INTO users (id, nom, prenom, email, role) VALUES (456, 'Nom_ETU0357', 'Prenom_ETU0357', 'etu0357@univ.cm', 'USER');
INSERT INTO profile_contexts (user_id, filiere, annee, semester, rythme, principal_location) VALUES (456, 'Commerce', 3, 1, 'STAGE', 'Site_C');
INSERT INTO interests (user_id, tag) VALUES (456, 'Lecture') ON CONFLICT DO NOTHING;
INSERT INTO interests (user_id, tag) VALUES (456, 'Langues') ON CONFLICT DO NOTHING;
INSERT INTO interests (user_id, tag) VALUES (456, 'Politique') ON CONFLICT DO NOTHING;
INSERT INTO users (id, nom, prenom, email, role) VALUES (457, 'Nom_ETU0358', 'Prenom_ETU0358', 'etu0358@univ.cm', 'USER');
INSERT INTO profile_contexts (user_id, filiere, annee, semester, rythme, principal_location) VALUES (457, 'Génie Civil', 3, 1, 'STAGE', 'Site_C');
INSERT INTO users (id, nom, prenom, email, role) VALUES (458, 'Nom_ETU0359', 'Prenom_ETU0359', 'etu0359@univ.cm', 'USER');
INSERT INTO profile_contexts (user_id, filiere, annee, semester, rythme, principal_location) VALUES (458, 'Génie Civil', 1, 1, 'STAGE', 'Site_A');
INSERT INTO users (id, nom, prenom, email, role) VALUES (459, 'Nom_ETU0360', 'Prenom_ETU0360', 'etu0360@univ.cm', 'USER');
INSERT INTO profile_contexts (user_id, filiere, annee, semester, rythme, principal_location) VALUES (459, 'Économie', 3, 1, 'STAGE', 'Site_A');
INSERT INTO users (id, nom, prenom, email, role) VALUES (460, 'Nom_ETU0361', 'Prenom_ETU0361', 'etu0361@univ.cm', 'USER');
INSERT INTO profile_contexts (user_id, filiere, annee, semester, rythme, principal_location) VALUES (460, 'Physique', 1, 1, 'STAGE', 'Site_C');
INSERT INTO interests (user_id, tag) VALUES (460, 'Art') ON CONFLICT DO NOTHING;
INSERT INTO interests (user_id, tag) VALUES (460, 'Danse') ON CONFLICT DO NOTHING;
INSERT INTO interests (user_id, tag) VALUES (460, 'Entrepreneuriat') ON CONFLICT DO NOTHING;
INSERT INTO users (id, nom, prenom, email, role) VALUES (461, 'Nom_ETU0362', 'Prenom_ETU0362', 'etu0362@univ.cm', 'USER');
INSERT INTO profile_contexts (user_id, filiere, annee, semester, rythme, principal_location) VALUES (461, 'Biologie', 4, 1, 'COURS', 'Site_C');
INSERT INTO interests (user_id, tag) VALUES (461, 'Sport') ON CONFLICT DO NOTHING;
INSERT INTO interests (user_id, tag) VALUES (461, 'Art') ON CONFLICT DO NOTHING;
INSERT INTO users (id, nom, prenom, email, role) VALUES (462, 'Nom_ETU0363', 'Prenom_ETU0363', 'etu0363@univ.cm', 'USER');
INSERT INTO profile_contexts (user_id, filiere, annee, semester, rythme, principal_location) VALUES (462, 'Commerce', 5, 1, 'COURS', 'Site_C');
INSERT INTO users (id, nom, prenom, email, role) VALUES (463, 'Nom_ETU0364', 'Prenom_ETU0364', 'etu0364@univ.cm', 'USER');
INSERT INTO profile_contexts (user_id, filiere, annee, semester, rythme, principal_location) VALUES (463, 'Commerce', 1, 1, 'COURS', 'Site_B');
INSERT INTO users (id, nom, prenom, email, role) VALUES (464, 'Nom_ETU0365', 'Prenom_ETU0365', 'etu0365@univ.cm', 'USER');
INSERT INTO profile_contexts (user_id, filiere, annee, semester, rythme, principal_location) VALUES (464, 'Physique', 2, 1, 'STAGE', 'Site_B');
INSERT INTO users (id, nom, prenom, email, role) VALUES (465, 'Nom_ETU0366', 'Prenom_ETU0366', 'etu0366@univ.cm', 'USER');
INSERT INTO profile_contexts (user_id, filiere, annee, semester, rythme, principal_location) VALUES (465, 'Architecture', 5, 1, 'COURS', 'Site_C');
INSERT INTO users (id, nom, prenom, email, role) VALUES (466, 'Nom_ETU0367', 'Prenom_ETU0367', 'etu0367@univ.cm', 'USER');
INSERT INTO profile_contexts (user_id, filiere, annee, semester, rythme, principal_location) VALUES (466, 'Médecine', 4, 1, 'COURS', 'Site_B');
INSERT INTO users (id, nom, prenom, email, role) VALUES (467, 'Nom_ETU0368', 'Prenom_ETU0368', 'etu0368@univ.cm', 'USER');
INSERT INTO profile_contexts (user_id, filiere, annee, semester, rythme, principal_location) VALUES (467, 'Économie', 2, 1, 'STAGE', 'Site_C');
INSERT INTO interests (user_id, tag) VALUES (467, 'Entrepreneuriat') ON CONFLICT DO NOTHING;
INSERT INTO interests (user_id, tag) VALUES (467, 'Coding') ON CONFLICT DO NOTHING;
INSERT INTO interests (user_id, tag) VALUES (467, 'Gaming') ON CONFLICT DO NOTHING;
INSERT INTO interests (user_id, tag) VALUES (467, 'Danse') ON CONFLICT DO NOTHING;
INSERT INTO interests (user_id, tag) VALUES (467, 'Sport') ON CONFLICT DO NOTHING;
INSERT INTO users (id, nom, prenom, email, role) VALUES (468, 'Nom_ETU0369', 'Prenom_ETU0369', 'etu0369@univ.cm', 'USER');
INSERT INTO profile_contexts (user_id, filiere, annee, semester, rythme, principal_location) VALUES (468, 'Architecture', 5, 1, 'STAGE', 'Site_A');
INSERT INTO users (id, nom, prenom, email, role) VALUES (469, 'Nom_ETU0370', 'Prenom_ETU0370', 'etu0370@univ.cm', 'USER');
INSERT INTO profile_contexts (user_id, filiere, annee, semester, rythme, principal_location) VALUES (469, 'Économie', 1, 1, 'STAGE', 'Site_B');
INSERT INTO interests (user_id, tag) VALUES (469, 'Photographie') ON CONFLICT DO NOTHING;
INSERT INTO interests (user_id, tag) VALUES (469, 'Sport') ON CONFLICT DO NOTHING;
INSERT INTO interests (user_id, tag) VALUES (469, 'Cinema') ON CONFLICT DO NOTHING;
INSERT INTO interests (user_id, tag) VALUES (469, 'Danse') ON CONFLICT DO NOTHING;
INSERT INTO interests (user_id, tag) VALUES (469, 'Lecture') ON CONFLICT DO NOTHING;
INSERT INTO users (id, nom, prenom, email, role) VALUES (470, 'Nom_ETU0371', 'Prenom_ETU0371', 'etu0371@univ.cm', 'USER');
INSERT INTO profile_contexts (user_id, filiere, annee, semester, rythme, principal_location) VALUES (470, 'Commerce', 1, 1, 'STAGE', 'Site_A');
INSERT INTO interests (user_id, tag) VALUES (470, 'Coding') ON CONFLICT DO NOTHING;
INSERT INTO interests (user_id, tag) VALUES (470, 'Danse') ON CONFLICT DO NOTHING;
INSERT INTO interests (user_id, tag) VALUES (470, 'Cuisine') ON CONFLICT DO NOTHING;
INSERT INTO users (id, nom, prenom, email, role) VALUES (471, 'Nom_ETU0372', 'Prenom_ETU0372', 'etu0372@univ.cm', 'USER');
INSERT INTO profile_contexts (user_id, filiere, annee, semester, rythme, principal_location) VALUES (471, 'Génie Civil', 2, 1, 'COURS', 'Site_C');
INSERT INTO users (id, nom, prenom, email, role) VALUES (472, 'Nom_ETU0373', 'Prenom_ETU0373', 'etu0373@univ.cm', 'USER');
INSERT INTO profile_contexts (user_id, filiere, annee, semester, rythme, principal_location) VALUES (472, 'Médecine', 3, 1, 'COURS', 'Site_C');
INSERT INTO users (id, nom, prenom, email, role) VALUES (473, 'Nom_ETU0374', 'Prenom_ETU0374', 'etu0374@univ.cm', 'USER');
INSERT INTO profile_contexts (user_id, filiere, annee, semester, rythme, principal_location) VALUES (473, 'Lettres', 1, 1, 'STAGE', 'Site_A');
INSERT INTO users (id, nom, prenom, email, role) VALUES (474, 'Nom_ETU0375', 'Prenom_ETU0375', 'etu0375@univ.cm', 'USER');
INSERT INTO profile_contexts (user_id, filiere, annee, semester, rythme, principal_location) VALUES (474, 'Architecture', 1, 1, 'COURS', 'Site_A');
INSERT INTO interests (user_id, tag) VALUES (474, 'Cinema') ON CONFLICT DO NOTHING;
INSERT INTO interests (user_id, tag) VALUES (474, 'Gaming') ON CONFLICT DO NOTHING;
INSERT INTO users (id, nom, prenom, email, role) VALUES (475, 'Nom_ETU0376', 'Prenom_ETU0376', 'etu0376@univ.cm', 'USER');
INSERT INTO profile_contexts (user_id, filiere, annee, semester, rythme, principal_location) VALUES (475, 'Biologie', 1, 1, 'COURS', 'Site_C');
INSERT INTO users (id, nom, prenom, email, role) VALUES (476, 'Nom_ETU0377', 'Prenom_ETU0377', 'etu0377@univ.cm', 'USER');
INSERT INTO profile_contexts (user_id, filiere, annee, semester, rythme, principal_location) VALUES (476, 'Médecine', 3, 1, 'STAGE', 'Site_C');
INSERT INTO interests (user_id, tag) VALUES (476, 'Sport') ON CONFLICT DO NOTHING;
INSERT INTO interests (user_id, tag) VALUES (476, 'Entrepreneuriat') ON CONFLICT DO NOTHING;
INSERT INTO interests (user_id, tag) VALUES (476, 'Coding') ON CONFLICT DO NOTHING;
INSERT INTO interests (user_id, tag) VALUES (476, 'Jeux-vidéo') ON CONFLICT DO NOTHING;
INSERT INTO users (id, nom, prenom, email, role) VALUES (477, 'Nom_ETU0378', 'Prenom_ETU0378', 'etu0378@univ.cm', 'USER');
INSERT INTO profile_contexts (user_id, filiere, annee, semester, rythme, principal_location) VALUES (477, 'Architecture', 4, 1, 'COURS', 'Site_A');
INSERT INTO users (id, nom, prenom, email, role) VALUES (478, 'Nom_ETU0379', 'Prenom_ETU0379', 'etu0379@univ.cm', 'USER');
INSERT INTO profile_contexts (user_id, filiere, annee, semester, rythme, principal_location) VALUES (478, 'Commerce', 2, 1, 'STAGE', 'Site_A');
INSERT INTO users (id, nom, prenom, email, role) VALUES (479, 'Nom_ETU0380', 'Prenom_ETU0380', 'etu0380@univ.cm', 'USER');
INSERT INTO profile_contexts (user_id, filiere, annee, semester, rythme, principal_location) VALUES (479, 'Physique', 5, 1, 'COURS', 'Site_C');
INSERT INTO users (id, nom, prenom, email, role) VALUES (480, 'Nom_ETU0381', 'Prenom_ETU0381', 'etu0381@univ.cm', 'USER');
INSERT INTO profile_contexts (user_id, filiere, annee, semester, rythme, principal_location) VALUES (480, 'Médecine', 2, 1, 'COURS', 'Site_C');
INSERT INTO users (id, nom, prenom, email, role) VALUES (481, 'Nom_ETU0382', 'Prenom_ETU0382', 'etu0382@univ.cm', 'USER');
INSERT INTO profile_contexts (user_id, filiere, annee, semester, rythme, principal_location) VALUES (481, 'Architecture', 3, 1, 'STAGE', 'Site_A');
INSERT INTO interests (user_id, tag) VALUES (481, 'Gaming') ON CONFLICT DO NOTHING;
INSERT INTO interests (user_id, tag) VALUES (481, 'Voyage') ON CONFLICT DO NOTHING;
INSERT INTO interests (user_id, tag) VALUES (481, 'Cuisine') ON CONFLICT DO NOTHING;
INSERT INTO interests (user_id, tag) VALUES (481, 'Jeux-vidéo') ON CONFLICT DO NOTHING;
INSERT INTO users (id, nom, prenom, email, role) VALUES (482, 'Nom_ETU0383', 'Prenom_ETU0383', 'etu0383@univ.cm', 'USER');
INSERT INTO profile_contexts (user_id, filiere, annee, semester, rythme, principal_location) VALUES (482, 'Droit', 4, 1, 'COURS', 'Site_B');
INSERT INTO users (id, nom, prenom, email, role) VALUES (483, 'Nom_ETU0384', 'Prenom_ETU0384', 'etu0384@univ.cm', 'USER');
INSERT INTO profile_contexts (user_id, filiere, annee, semester, rythme, principal_location) VALUES (483, 'Physique', 5, 1, 'STAGE', 'Site_C');
INSERT INTO users (id, nom, prenom, email, role) VALUES (484, 'Nom_ETU0385', 'Prenom_ETU0385', 'etu0385@univ.cm', 'USER');
INSERT INTO profile_contexts (user_id, filiere, annee, semester, rythme, principal_location) VALUES (484, 'Droit', 3, 1, 'COURS', 'Site_C');
INSERT INTO interests (user_id, tag) VALUES (484, 'Langues') ON CONFLICT DO NOTHING;
INSERT INTO interests (user_id, tag) VALUES (484, 'Sport') ON CONFLICT DO NOTHING;
INSERT INTO users (id, nom, prenom, email, role) VALUES (485, 'Nom_ETU0386', 'Prenom_ETU0386', 'etu0386@univ.cm', 'USER');
INSERT INTO profile_contexts (user_id, filiere, annee, semester, rythme, principal_location) VALUES (485, 'Architecture', 2, 1, 'COURS', 'Site_C');
INSERT INTO interests (user_id, tag) VALUES (485, 'Danse') ON CONFLICT DO NOTHING;
INSERT INTO interests (user_id, tag) VALUES (485, 'Gaming') ON CONFLICT DO NOTHING;
INSERT INTO interests (user_id, tag) VALUES (485, 'Jeux-vidéo') ON CONFLICT DO NOTHING;
INSERT INTO interests (user_id, tag) VALUES (485, 'Voyage') ON CONFLICT DO NOTHING;
INSERT INTO interests (user_id, tag) VALUES (485, 'Cuisine') ON CONFLICT DO NOTHING;
INSERT INTO users (id, nom, prenom, email, role) VALUES (486, 'Nom_ETU0387', 'Prenom_ETU0387', 'etu0387@univ.cm', 'USER');
INSERT INTO profile_contexts (user_id, filiere, annee, semester, rythme, principal_location) VALUES (486, 'Commerce', 5, 1, 'STAGE', 'Site_B');
INSERT INTO users (id, nom, prenom, email, role) VALUES (487, 'Nom_ETU0388', 'Prenom_ETU0388', 'etu0388@univ.cm', 'USER');
INSERT INTO profile_contexts (user_id, filiere, annee, semester, rythme, principal_location) VALUES (487, 'Médecine', 4, 1, 'STAGE', 'Site_C');
INSERT INTO users (id, nom, prenom, email, role) VALUES (488, 'Nom_ETU0389', 'Prenom_ETU0389', 'etu0389@univ.cm', 'USER');
INSERT INTO profile_contexts (user_id, filiere, annee, semester, rythme, principal_location) VALUES (488, 'Physique', 2, 1, 'COURS', 'Site_B');
INSERT INTO users (id, nom, prenom, email, role) VALUES (489, 'Nom_ETU0390', 'Prenom_ETU0390', 'etu0390@univ.cm', 'USER');
INSERT INTO profile_contexts (user_id, filiere, annee, semester, rythme, principal_location) VALUES (489, 'Physique', 4, 1, 'STAGE', 'Site_A');
INSERT INTO interests (user_id, tag) VALUES (489, 'Musique') ON CONFLICT DO NOTHING;
INSERT INTO interests (user_id, tag) VALUES (489, 'Art') ON CONFLICT DO NOTHING;
INSERT INTO interests (user_id, tag) VALUES (489, 'Entrepreneuriat') ON CONFLICT DO NOTHING;
INSERT INTO interests (user_id, tag) VALUES (489, 'Danse') ON CONFLICT DO NOTHING;
INSERT INTO users (id, nom, prenom, email, role) VALUES (490, 'Nom_ETU0391', 'Prenom_ETU0391', 'etu0391@univ.cm', 'USER');
INSERT INTO profile_contexts (user_id, filiere, annee, semester, rythme, principal_location) VALUES (490, 'Biologie', 3, 1, 'STAGE', 'Site_A');
INSERT INTO users (id, nom, prenom, email, role) VALUES (491, 'Nom_ETU0392', 'Prenom_ETU0392', 'etu0392@univ.cm', 'USER');
INSERT INTO profile_contexts (user_id, filiere, annee, semester, rythme, principal_location) VALUES (491, 'Lettres', 4, 1, 'COURS', 'Site_C');
INSERT INTO interests (user_id, tag) VALUES (491, 'Photographie') ON CONFLICT DO NOTHING;
INSERT INTO interests (user_id, tag) VALUES (491, 'Jeux-vidéo') ON CONFLICT DO NOTHING;
INSERT INTO interests (user_id, tag) VALUES (491, 'Lecture') ON CONFLICT DO NOTHING;
INSERT INTO users (id, nom, prenom, email, role) VALUES (492, 'Nom_ETU0393', 'Prenom_ETU0393', 'etu0393@univ.cm', 'USER');
INSERT INTO profile_contexts (user_id, filiere, annee, semester, rythme, principal_location) VALUES (492, 'Médecine', 2, 1, 'STAGE', 'Site_C');
INSERT INTO users (id, nom, prenom, email, role) VALUES (493, 'Nom_ETU0394', 'Prenom_ETU0394', 'etu0394@univ.cm', 'USER');
INSERT INTO profile_contexts (user_id, filiere, annee, semester, rythme, principal_location) VALUES (493, 'Génie Civil', 4, 1, 'COURS', 'Site_B');
INSERT INTO interests (user_id, tag) VALUES (493, 'Danse') ON CONFLICT DO NOTHING;
INSERT INTO interests (user_id, tag) VALUES (493, 'Coding') ON CONFLICT DO NOTHING;
INSERT INTO interests (user_id, tag) VALUES (493, 'Cuisine') ON CONFLICT DO NOTHING;
INSERT INTO users (id, nom, prenom, email, role) VALUES (494, 'Nom_ETU0395', 'Prenom_ETU0395', 'etu0395@univ.cm', 'USER');
INSERT INTO profile_contexts (user_id, filiere, annee, semester, rythme, principal_location) VALUES (494, 'Architecture', 5, 1, 'STAGE', 'Site_C');
INSERT INTO users (id, nom, prenom, email, role) VALUES (495, 'Nom_ETU0396', 'Prenom_ETU0396', 'etu0396@univ.cm', 'USER');
INSERT INTO profile_contexts (user_id, filiere, annee, semester, rythme, principal_location) VALUES (495, 'Médecine', 3, 1, 'COURS', 'Site_C');
INSERT INTO interests (user_id, tag) VALUES (495, 'Langues') ON CONFLICT DO NOTHING;
INSERT INTO interests (user_id, tag) VALUES (495, 'Art') ON CONFLICT DO NOTHING;
INSERT INTO users (id, nom, prenom, email, role) VALUES (496, 'Nom_ETU0397', 'Prenom_ETU0397', 'etu0397@univ.cm', 'USER');
INSERT INTO profile_contexts (user_id, filiere, annee, semester, rythme, principal_location) VALUES (496, 'Physique', 2, 1, 'STAGE', 'Site_B');
INSERT INTO users (id, nom, prenom, email, role) VALUES (497, 'Nom_ETU0398', 'Prenom_ETU0398', 'etu0398@univ.cm', 'USER');
INSERT INTO profile_contexts (user_id, filiere, annee, semester, rythme, principal_location) VALUES (497, 'Lettres', 4, 1, 'COURS', 'Site_A');
INSERT INTO users (id, nom, prenom, email, role) VALUES (498, 'Nom_ETU0399', 'Prenom_ETU0399', 'etu0399@univ.cm', 'USER');
INSERT INTO profile_contexts (user_id, filiere, annee, semester, rythme, principal_location) VALUES (498, 'Commerce', 4, 1, 'COURS', 'Site_C');
INSERT INTO interests (user_id, tag) VALUES (498, 'Photographie') ON CONFLICT DO NOTHING;
INSERT INTO interests (user_id, tag) VALUES (498, 'Politique') ON CONFLICT DO NOTHING;
INSERT INTO interests (user_id, tag) VALUES (498, 'Coding') ON CONFLICT DO NOTHING;
INSERT INTO users (id, nom, prenom, email, role) VALUES (499, 'Nom_ETU0400', 'Prenom_ETU0400', 'etu0400@univ.cm', 'USER');
INSERT INTO profile_contexts (user_id, filiere, annee, semester, rythme, principal_location) VALUES (499, 'Physique', 2, 1, 'COURS', 'Site_C');
INSERT INTO interests (user_id, tag) VALUES (499, 'Entrepreneuriat') ON CONFLICT DO NOTHING;
INSERT INTO interests (user_id, tag) VALUES (499, 'Cuisine') ON CONFLICT DO NOTHING;
INSERT INTO interests (user_id, tag) VALUES (499, 'Voyage') ON CONFLICT DO NOTHING;
INSERT INTO interests (user_id, tag) VALUES (499, 'Sport') ON CONFLICT DO NOTHING;
INSERT INTO interests (user_id, tag) VALUES (499, 'Langues') ON CONFLICT DO NOTHING;
INSERT INTO users (id, nom, prenom, email, role) VALUES (500, 'Nom_ETU0401', 'Prenom_ETU0401', 'etu0401@univ.cm', 'USER');
INSERT INTO profile_contexts (user_id, filiere, annee, semester, rythme, principal_location) VALUES (500, 'Médecine', 3, 1, 'COURS', 'Site_A');
INSERT INTO users (id, nom, prenom, email, role) VALUES (501, 'Nom_ETU0402', 'Prenom_ETU0402', 'etu0402@univ.cm', 'USER');
INSERT INTO profile_contexts (user_id, filiere, annee, semester, rythme, principal_location) VALUES (501, 'Informatique', 1, 1, 'STAGE', 'Site_A');
INSERT INTO users (id, nom, prenom, email, role) VALUES (502, 'Nom_ETU0403', 'Prenom_ETU0403', 'etu0403@univ.cm', 'USER');
INSERT INTO profile_contexts (user_id, filiere, annee, semester, rythme, principal_location) VALUES (502, 'Lettres', 4, 1, 'COURS', 'Site_A');
INSERT INTO users (id, nom, prenom, email, role) VALUES (503, 'Nom_ETU0404', 'Prenom_ETU0404', 'etu0404@univ.cm', 'USER');
INSERT INTO profile_contexts (user_id, filiere, annee, semester, rythme, principal_location) VALUES (503, 'Économie', 4, 1, 'STAGE', 'Site_B');
INSERT INTO interests (user_id, tag) VALUES (503, 'Jeux-vidéo') ON CONFLICT DO NOTHING;
INSERT INTO interests (user_id, tag) VALUES (503, 'Voyage') ON CONFLICT DO NOTHING;
INSERT INTO interests (user_id, tag) VALUES (503, 'Entrepreneuriat') ON CONFLICT DO NOTHING;
INSERT INTO interests (user_id, tag) VALUES (503, 'Gaming') ON CONFLICT DO NOTHING;
INSERT INTO interests (user_id, tag) VALUES (503, 'Photographie') ON CONFLICT DO NOTHING;
INSERT INTO users (id, nom, prenom, email, role) VALUES (504, 'Nom_ETU0405', 'Prenom_ETU0405', 'etu0405@univ.cm', 'USER');
INSERT INTO profile_contexts (user_id, filiere, annee, semester, rythme, principal_location) VALUES (504, 'Génie Civil', 2, 1, 'COURS', 'Site_C');
INSERT INTO users (id, nom, prenom, email, role) VALUES (505, 'Nom_ETU0406', 'Prenom_ETU0406', 'etu0406@univ.cm', 'USER');
INSERT INTO profile_contexts (user_id, filiere, annee, semester, rythme, principal_location) VALUES (505, 'Commerce', 5, 1, 'COURS', 'Site_C');
INSERT INTO interests (user_id, tag) VALUES (505, 'Cuisine') ON CONFLICT DO NOTHING;
INSERT INTO interests (user_id, tag) VALUES (505, 'Danse') ON CONFLICT DO NOTHING;
INSERT INTO interests (user_id, tag) VALUES (505, 'Sport') ON CONFLICT DO NOTHING;
INSERT INTO users (id, nom, prenom, email, role) VALUES (506, 'Nom_ETU0407', 'Prenom_ETU0407', 'etu0407@univ.cm', 'USER');
INSERT INTO profile_contexts (user_id, filiere, annee, semester, rythme, principal_location) VALUES (506, 'Biologie', 1, 1, 'COURS', 'Site_A');
INSERT INTO users (id, nom, prenom, email, role) VALUES (507, 'Nom_ETU0408', 'Prenom_ETU0408', 'etu0408@univ.cm', 'USER');
INSERT INTO profile_contexts (user_id, filiere, annee, semester, rythme, principal_location) VALUES (507, 'Biologie', 4, 1, 'COURS', 'Site_C');
INSERT INTO interests (user_id, tag) VALUES (507, 'Gaming') ON CONFLICT DO NOTHING;
INSERT INTO interests (user_id, tag) VALUES (507, 'Coding') ON CONFLICT DO NOTHING;
INSERT INTO users (id, nom, prenom, email, role) VALUES (508, 'Nom_ETU0409', 'Prenom_ETU0409', 'etu0409@univ.cm', 'USER');
INSERT INTO profile_contexts (user_id, filiere, annee, semester, rythme, principal_location) VALUES (508, 'Commerce', 3, 1, 'STAGE', 'Site_C');
INSERT INTO users (id, nom, prenom, email, role) VALUES (509, 'Nom_ETU0410', 'Prenom_ETU0410', 'etu0410@univ.cm', 'USER');
INSERT INTO profile_contexts (user_id, filiere, annee, semester, rythme, principal_location) VALUES (509, 'Droit', 1, 1, 'COURS', 'Site_A');
INSERT INTO interests (user_id, tag) VALUES (509, 'Voyage') ON CONFLICT DO NOTHING;
INSERT INTO interests (user_id, tag) VALUES (509, 'Danse') ON CONFLICT DO NOTHING;
INSERT INTO interests (user_id, tag) VALUES (509, 'Cuisine') ON CONFLICT DO NOTHING;
INSERT INTO interests (user_id, tag) VALUES (509, 'Gaming') ON CONFLICT DO NOTHING;
INSERT INTO interests (user_id, tag) VALUES (509, 'Politique') ON CONFLICT DO NOTHING;
INSERT INTO users (id, nom, prenom, email, role) VALUES (510, 'Nom_ETU0411', 'Prenom_ETU0411', 'etu0411@univ.cm', 'USER');
INSERT INTO profile_contexts (user_id, filiere, annee, semester, rythme, principal_location) VALUES (510, 'Commerce', 3, 1, 'STAGE', 'Site_C');
INSERT INTO interests (user_id, tag) VALUES (510, 'Voyage') ON CONFLICT DO NOTHING;
INSERT INTO interests (user_id, tag) VALUES (510, 'Coding') ON CONFLICT DO NOTHING;
INSERT INTO interests (user_id, tag) VALUES (510, 'Cinema') ON CONFLICT DO NOTHING;
INSERT INTO interests (user_id, tag) VALUES (510, 'Lecture') ON CONFLICT DO NOTHING;
INSERT INTO users (id, nom, prenom, email, role) VALUES (511, 'Nom_ETU0412', 'Prenom_ETU0412', 'etu0412@univ.cm', 'USER');
INSERT INTO profile_contexts (user_id, filiere, annee, semester, rythme, principal_location) VALUES (511, 'Médecine', 4, 1, 'COURS', 'Site_C');
INSERT INTO users (id, nom, prenom, email, role) VALUES (512, 'Nom_ETU0413', 'Prenom_ETU0413', 'etu0413@univ.cm', 'USER');
INSERT INTO profile_contexts (user_id, filiere, annee, semester, rythme, principal_location) VALUES (512, 'Physique', 4, 1, 'COURS', 'Site_A');
INSERT INTO users (id, nom, prenom, email, role) VALUES (513, 'Nom_ETU0414', 'Prenom_ETU0414', 'etu0414@univ.cm', 'USER');
INSERT INTO profile_contexts (user_id, filiere, annee, semester, rythme, principal_location) VALUES (513, 'Biologie', 2, 1, 'COURS', 'Site_A');
INSERT INTO interests (user_id, tag) VALUES (513, 'Voyage') ON CONFLICT DO NOTHING;
INSERT INTO interests (user_id, tag) VALUES (513, 'Entrepreneuriat') ON CONFLICT DO NOTHING;
INSERT INTO interests (user_id, tag) VALUES (513, 'Coding') ON CONFLICT DO NOTHING;
INSERT INTO interests (user_id, tag) VALUES (513, 'Sport') ON CONFLICT DO NOTHING;
INSERT INTO interests (user_id, tag) VALUES (513, 'Cinema') ON CONFLICT DO NOTHING;
INSERT INTO users (id, nom, prenom, email, role) VALUES (514, 'Nom_ETU0415', 'Prenom_ETU0415', 'etu0415@univ.cm', 'USER');
INSERT INTO profile_contexts (user_id, filiere, annee, semester, rythme, principal_location) VALUES (514, 'Génie Civil', 5, 1, 'COURS', 'Site_B');
INSERT INTO interests (user_id, tag) VALUES (514, 'Lecture') ON CONFLICT DO NOTHING;
INSERT INTO interests (user_id, tag) VALUES (514, 'Politique') ON CONFLICT DO NOTHING;
INSERT INTO interests (user_id, tag) VALUES (514, 'Cinema') ON CONFLICT DO NOTHING;
INSERT INTO interests (user_id, tag) VALUES (514, 'Jeux-vidéo') ON CONFLICT DO NOTHING;
INSERT INTO users (id, nom, prenom, email, role) VALUES (515, 'Nom_ETU0416', 'Prenom_ETU0416', 'etu0416@univ.cm', 'USER');
INSERT INTO profile_contexts (user_id, filiere, annee, semester, rythme, principal_location) VALUES (515, 'Économie', 2, 1, 'STAGE', 'Site_A');
INSERT INTO users (id, nom, prenom, email, role) VALUES (516, 'Nom_ETU0417', 'Prenom_ETU0417', 'etu0417@univ.cm', 'USER');
INSERT INTO profile_contexts (user_id, filiere, annee, semester, rythme, principal_location) VALUES (516, 'Architecture', 1, 1, 'COURS', 'Site_C');
INSERT INTO interests (user_id, tag) VALUES (516, 'Voyage') ON CONFLICT DO NOTHING;
INSERT INTO interests (user_id, tag) VALUES (516, 'Politique') ON CONFLICT DO NOTHING;
INSERT INTO interests (user_id, tag) VALUES (516, 'Langues') ON CONFLICT DO NOTHING;
INSERT INTO interests (user_id, tag) VALUES (516, 'Photographie') ON CONFLICT DO NOTHING;
INSERT INTO interests (user_id, tag) VALUES (516, 'Coding') ON CONFLICT DO NOTHING;
INSERT INTO users (id, nom, prenom, email, role) VALUES (517, 'Nom_ETU0418', 'Prenom_ETU0418', 'etu0418@univ.cm', 'USER');
INSERT INTO profile_contexts (user_id, filiere, annee, semester, rythme, principal_location) VALUES (517, 'Architecture', 2, 1, 'COURS', 'Site_B');
INSERT INTO users (id, nom, prenom, email, role) VALUES (518, 'Nom_ETU0419', 'Prenom_ETU0419', 'etu0419@univ.cm', 'USER');
INSERT INTO profile_contexts (user_id, filiere, annee, semester, rythme, principal_location) VALUES (518, 'Médecine', 4, 1, 'STAGE', 'Site_C');
INSERT INTO interests (user_id, tag) VALUES (518, 'Voyage') ON CONFLICT DO NOTHING;
INSERT INTO interests (user_id, tag) VALUES (518, 'Art') ON CONFLICT DO NOTHING;
INSERT INTO interests (user_id, tag) VALUES (518, 'Sport') ON CONFLICT DO NOTHING;
INSERT INTO interests (user_id, tag) VALUES (518, 'Gaming') ON CONFLICT DO NOTHING;
INSERT INTO interests (user_id, tag) VALUES (518, 'Danse') ON CONFLICT DO NOTHING;
INSERT INTO users (id, nom, prenom, email, role) VALUES (519, 'Nom_ETU0420', 'Prenom_ETU0420', 'etu0420@univ.cm', 'USER');
INSERT INTO profile_contexts (user_id, filiere, annee, semester, rythme, principal_location) VALUES (519, 'Architecture', 3, 1, 'COURS', 'Site_B');
INSERT INTO users (id, nom, prenom, email, role) VALUES (520, 'Nom_ETU0421', 'Prenom_ETU0421', 'etu0421@univ.cm', 'USER');
INSERT INTO profile_contexts (user_id, filiere, annee, semester, rythme, principal_location) VALUES (520, 'Biologie', 2, 1, 'COURS', 'Site_B');
INSERT INTO users (id, nom, prenom, email, role) VALUES (521, 'Nom_ETU0422', 'Prenom_ETU0422', 'etu0422@univ.cm', 'USER');
INSERT INTO profile_contexts (user_id, filiere, annee, semester, rythme, principal_location) VALUES (521, 'Droit', 1, 1, 'STAGE', 'Site_A');
INSERT INTO interests (user_id, tag) VALUES (521, 'Coding') ON CONFLICT DO NOTHING;
INSERT INTO interests (user_id, tag) VALUES (521, 'Cuisine') ON CONFLICT DO NOTHING;
INSERT INTO interests (user_id, tag) VALUES (521, 'Lecture') ON CONFLICT DO NOTHING;
INSERT INTO interests (user_id, tag) VALUES (521, 'Jeux-vidéo') ON CONFLICT DO NOTHING;
INSERT INTO interests (user_id, tag) VALUES (521, 'Art') ON CONFLICT DO NOTHING;
INSERT INTO users (id, nom, prenom, email, role) VALUES (522, 'Nom_ETU0423', 'Prenom_ETU0423', 'etu0423@univ.cm', 'USER');
INSERT INTO profile_contexts (user_id, filiere, annee, semester, rythme, principal_location) VALUES (522, 'Commerce', 5, 1, 'COURS', 'Site_B');
INSERT INTO interests (user_id, tag) VALUES (522, 'Entrepreneuriat') ON CONFLICT DO NOTHING;
INSERT INTO interests (user_id, tag) VALUES (522, 'Coding') ON CONFLICT DO NOTHING;
INSERT INTO interests (user_id, tag) VALUES (522, 'Politique') ON CONFLICT DO NOTHING;
INSERT INTO interests (user_id, tag) VALUES (522, 'Sport') ON CONFLICT DO NOTHING;
INSERT INTO users (id, nom, prenom, email, role) VALUES (523, 'Nom_ETU0424', 'Prenom_ETU0424', 'etu0424@univ.cm', 'USER');
INSERT INTO profile_contexts (user_id, filiere, annee, semester, rythme, principal_location) VALUES (523, 'Génie Civil', 4, 1, 'COURS', 'Site_B');
INSERT INTO interests (user_id, tag) VALUES (523, 'Entrepreneuriat') ON CONFLICT DO NOTHING;
INSERT INTO interests (user_id, tag) VALUES (523, 'Langues') ON CONFLICT DO NOTHING;
INSERT INTO interests (user_id, tag) VALUES (523, 'Gaming') ON CONFLICT DO NOTHING;
INSERT INTO interests (user_id, tag) VALUES (523, 'Cinema') ON CONFLICT DO NOTHING;
INSERT INTO users (id, nom, prenom, email, role) VALUES (524, 'Nom_ETU0425', 'Prenom_ETU0425', 'etu0425@univ.cm', 'USER');
INSERT INTO profile_contexts (user_id, filiere, annee, semester, rythme, principal_location) VALUES (524, 'Architecture', 2, 1, 'STAGE', 'Site_C');
INSERT INTO users (id, nom, prenom, email, role) VALUES (525, 'Nom_ETU0426', 'Prenom_ETU0426', 'etu0426@univ.cm', 'USER');
INSERT INTO profile_contexts (user_id, filiere, annee, semester, rythme, principal_location) VALUES (525, 'Physique', 4, 1, 'STAGE', 'Site_B');
INSERT INTO interests (user_id, tag) VALUES (525, 'Photographie') ON CONFLICT DO NOTHING;
INSERT INTO interests (user_id, tag) VALUES (525, 'Danse') ON CONFLICT DO NOTHING;
INSERT INTO interests (user_id, tag) VALUES (525, 'Jeux-vidéo') ON CONFLICT DO NOTHING;
INSERT INTO interests (user_id, tag) VALUES (525, 'Gaming') ON CONFLICT DO NOTHING;
INSERT INTO users (id, nom, prenom, email, role) VALUES (526, 'Nom_ETU0427', 'Prenom_ETU0427', 'etu0427@univ.cm', 'USER');
INSERT INTO profile_contexts (user_id, filiere, annee, semester, rythme, principal_location) VALUES (526, 'Lettres', 2, 1, 'COURS', 'Site_C');
INSERT INTO users (id, nom, prenom, email, role) VALUES (527, 'Nom_ETU0428', 'Prenom_ETU0428', 'etu0428@univ.cm', 'USER');
INSERT INTO profile_contexts (user_id, filiere, annee, semester, rythme, principal_location) VALUES (527, 'Architecture', 5, 1, 'COURS', 'Site_B');
INSERT INTO interests (user_id, tag) VALUES (527, 'Coding') ON CONFLICT DO NOTHING;
INSERT INTO interests (user_id, tag) VALUES (527, 'Sport') ON CONFLICT DO NOTHING;
INSERT INTO interests (user_id, tag) VALUES (527, 'Jeux-vidéo') ON CONFLICT DO NOTHING;
INSERT INTO users (id, nom, prenom, email, role) VALUES (528, 'Nom_ETU0429', 'Prenom_ETU0429', 'etu0429@univ.cm', 'USER');
INSERT INTO profile_contexts (user_id, filiere, annee, semester, rythme, principal_location) VALUES (528, 'Biologie', 1, 1, 'STAGE', 'Site_B');
INSERT INTO users (id, nom, prenom, email, role) VALUES (529, 'Nom_ETU0430', 'Prenom_ETU0430', 'etu0430@univ.cm', 'USER');
INSERT INTO profile_contexts (user_id, filiere, annee, semester, rythme, principal_location) VALUES (529, 'Génie Civil', 1, 1, 'COURS', 'Site_A');
INSERT INTO users (id, nom, prenom, email, role) VALUES (530, 'Nom_ETU0431', 'Prenom_ETU0431', 'etu0431@univ.cm', 'USER');
INSERT INTO profile_contexts (user_id, filiere, annee, semester, rythme, principal_location) VALUES (530, 'Médecine', 2, 1, 'COURS', 'Site_A');
INSERT INTO users (id, nom, prenom, email, role) VALUES (531, 'Nom_ETU0432', 'Prenom_ETU0432', 'etu0432@univ.cm', 'USER');
INSERT INTO profile_contexts (user_id, filiere, annee, semester, rythme, principal_location) VALUES (531, 'Physique', 5, 1, 'COURS', 'Site_C');
INSERT INTO interests (user_id, tag) VALUES (531, 'Art') ON CONFLICT DO NOTHING;
INSERT INTO interests (user_id, tag) VALUES (531, 'Entrepreneuriat') ON CONFLICT DO NOTHING;
INSERT INTO interests (user_id, tag) VALUES (531, 'Jeux-vidéo') ON CONFLICT DO NOTHING;
INSERT INTO users (id, nom, prenom, email, role) VALUES (532, 'Nom_ETU0433', 'Prenom_ETU0433', 'etu0433@univ.cm', 'USER');
INSERT INTO profile_contexts (user_id, filiere, annee, semester, rythme, principal_location) VALUES (532, 'Droit', 1, 1, 'COURS', 'Site_B');
INSERT INTO users (id, nom, prenom, email, role) VALUES (533, 'Nom_ETU0434', 'Prenom_ETU0434', 'etu0434@univ.cm', 'USER');
INSERT INTO profile_contexts (user_id, filiere, annee, semester, rythme, principal_location) VALUES (533, 'Médecine', 3, 1, 'COURS', 'Site_C');
INSERT INTO users (id, nom, prenom, email, role) VALUES (534, 'Nom_ETU0435', 'Prenom_ETU0435', 'etu0435@univ.cm', 'USER');
INSERT INTO profile_contexts (user_id, filiere, annee, semester, rythme, principal_location) VALUES (534, 'Économie', 5, 1, 'STAGE', 'Site_A');
INSERT INTO users (id, nom, prenom, email, role) VALUES (535, 'Nom_ETU0436', 'Prenom_ETU0436', 'etu0436@univ.cm', 'USER');
INSERT INTO profile_contexts (user_id, filiere, annee, semester, rythme, principal_location) VALUES (535, 'Médecine', 4, 1, 'COURS', 'Site_A');
INSERT INTO interests (user_id, tag) VALUES (535, 'Cuisine') ON CONFLICT DO NOTHING;
INSERT INTO interests (user_id, tag) VALUES (535, 'Danse') ON CONFLICT DO NOTHING;
INSERT INTO users (id, nom, prenom, email, role) VALUES (536, 'Nom_ETU0437', 'Prenom_ETU0437', 'etu0437@univ.cm', 'USER');
INSERT INTO profile_contexts (user_id, filiere, annee, semester, rythme, principal_location) VALUES (536, 'Commerce', 3, 1, 'COURS', 'Site_A');
INSERT INTO users (id, nom, prenom, email, role) VALUES (537, 'Nom_ETU0438', 'Prenom_ETU0438', 'etu0438@univ.cm', 'USER');
INSERT INTO profile_contexts (user_id, filiere, annee, semester, rythme, principal_location) VALUES (537, 'Physique', 3, 1, 'COURS', 'Site_B');
INSERT INTO interests (user_id, tag) VALUES (537, 'Sport') ON CONFLICT DO NOTHING;
INSERT INTO interests (user_id, tag) VALUES (537, 'Jeux-vidéo') ON CONFLICT DO NOTHING;
INSERT INTO interests (user_id, tag) VALUES (537, 'Langues') ON CONFLICT DO NOTHING;
INSERT INTO interests (user_id, tag) VALUES (537, 'Entrepreneuriat') ON CONFLICT DO NOTHING;
INSERT INTO users (id, nom, prenom, email, role) VALUES (538, 'Nom_ETU0439', 'Prenom_ETU0439', 'etu0439@univ.cm', 'USER');
INSERT INTO profile_contexts (user_id, filiere, annee, semester, rythme, principal_location) VALUES (538, 'Économie', 2, 1, 'COURS', 'Site_C');
INSERT INTO interests (user_id, tag) VALUES (538, 'Musique') ON CONFLICT DO NOTHING;
INSERT INTO interests (user_id, tag) VALUES (538, 'Jeux-vidéo') ON CONFLICT DO NOTHING;
INSERT INTO interests (user_id, tag) VALUES (538, 'Sport') ON CONFLICT DO NOTHING;
INSERT INTO users (id, nom, prenom, email, role) VALUES (539, 'Nom_ETU0440', 'Prenom_ETU0440', 'etu0440@univ.cm', 'USER');
INSERT INTO profile_contexts (user_id, filiere, annee, semester, rythme, principal_location) VALUES (539, 'Physique', 1, 1, 'COURS', 'Site_A');
INSERT INTO users (id, nom, prenom, email, role) VALUES (540, 'Nom_ETU0441', 'Prenom_ETU0441', 'etu0441@univ.cm', 'USER');
INSERT INTO profile_contexts (user_id, filiere, annee, semester, rythme, principal_location) VALUES (540, 'Économie', 4, 1, 'STAGE', 'Site_A');
INSERT INTO interests (user_id, tag) VALUES (540, 'Cuisine') ON CONFLICT DO NOTHING;
INSERT INTO interests (user_id, tag) VALUES (540, 'Gaming') ON CONFLICT DO NOTHING;
INSERT INTO interests (user_id, tag) VALUES (540, 'Photographie') ON CONFLICT DO NOTHING;
INSERT INTO users (id, nom, prenom, email, role) VALUES (541, 'Nom_ETU0442', 'Prenom_ETU0442', 'etu0442@univ.cm', 'USER');
INSERT INTO profile_contexts (user_id, filiere, annee, semester, rythme, principal_location) VALUES (541, 'Génie Civil', 5, 1, 'COURS', 'Site_A');
INSERT INTO interests (user_id, tag) VALUES (541, 'Danse') ON CONFLICT DO NOTHING;
INSERT INTO interests (user_id, tag) VALUES (541, 'Cinema') ON CONFLICT DO NOTHING;
INSERT INTO interests (user_id, tag) VALUES (541, 'Voyage') ON CONFLICT DO NOTHING;
INSERT INTO interests (user_id, tag) VALUES (541, 'Jeux-vidéo') ON CONFLICT DO NOTHING;
INSERT INTO interests (user_id, tag) VALUES (541, 'Langues') ON CONFLICT DO NOTHING;
INSERT INTO users (id, nom, prenom, email, role) VALUES (542, 'Nom_ETU0443', 'Prenom_ETU0443', 'etu0443@univ.cm', 'USER');
INSERT INTO profile_contexts (user_id, filiere, annee, semester, rythme, principal_location) VALUES (542, 'Physique', 3, 1, 'STAGE', 'Site_A');
INSERT INTO users (id, nom, prenom, email, role) VALUES (543, 'Nom_ETU0444', 'Prenom_ETU0444', 'etu0444@univ.cm', 'USER');
INSERT INTO profile_contexts (user_id, filiere, annee, semester, rythme, principal_location) VALUES (543, 'Informatique', 2, 1, 'COURS', 'Site_C');
INSERT INTO interests (user_id, tag) VALUES (543, 'Gaming') ON CONFLICT DO NOTHING;
INSERT INTO interests (user_id, tag) VALUES (543, 'Lecture') ON CONFLICT DO NOTHING;
INSERT INTO interests (user_id, tag) VALUES (543, 'Sport') ON CONFLICT DO NOTHING;
INSERT INTO interests (user_id, tag) VALUES (543, 'Langues') ON CONFLICT DO NOTHING;
INSERT INTO interests (user_id, tag) VALUES (543, 'Politique') ON CONFLICT DO NOTHING;
INSERT INTO users (id, nom, prenom, email, role) VALUES (544, 'Nom_ETU0445', 'Prenom_ETU0445', 'etu0445@univ.cm', 'USER');
INSERT INTO profile_contexts (user_id, filiere, annee, semester, rythme, principal_location) VALUES (544, 'Médecine', 4, 1, 'COURS', 'Site_C');
INSERT INTO users (id, nom, prenom, email, role) VALUES (545, 'Nom_ETU0446', 'Prenom_ETU0446', 'etu0446@univ.cm', 'USER');
INSERT INTO profile_contexts (user_id, filiere, annee, semester, rythme, principal_location) VALUES (545, 'Médecine', 5, 1, 'COURS', 'Site_A');
INSERT INTO interests (user_id, tag) VALUES (545, 'Voyage') ON CONFLICT DO NOTHING;
INSERT INTO interests (user_id, tag) VALUES (545, 'Entrepreneuriat') ON CONFLICT DO NOTHING;
INSERT INTO interests (user_id, tag) VALUES (545, 'Gaming') ON CONFLICT DO NOTHING;
INSERT INTO users (id, nom, prenom, email, role) VALUES (546, 'Nom_ETU0447', 'Prenom_ETU0447', 'etu0447@univ.cm', 'USER');
INSERT INTO profile_contexts (user_id, filiere, annee, semester, rythme, principal_location) VALUES (546, 'Médecine', 3, 1, 'STAGE', 'Site_B');
INSERT INTO interests (user_id, tag) VALUES (546, 'Entrepreneuriat') ON CONFLICT DO NOTHING;
INSERT INTO interests (user_id, tag) VALUES (546, 'Cinema') ON CONFLICT DO NOTHING;
INSERT INTO interests (user_id, tag) VALUES (546, 'Langues') ON CONFLICT DO NOTHING;
INSERT INTO interests (user_id, tag) VALUES (546, 'Art') ON CONFLICT DO NOTHING;
INSERT INTO interests (user_id, tag) VALUES (546, 'Photographie') ON CONFLICT DO NOTHING;
INSERT INTO users (id, nom, prenom, email, role) VALUES (547, 'Nom_ETU0448', 'Prenom_ETU0448', 'etu0448@univ.cm', 'USER');
INSERT INTO profile_contexts (user_id, filiere, annee, semester, rythme, principal_location) VALUES (547, 'Physique', 3, 1, 'STAGE', 'Site_C');
INSERT INTO interests (user_id, tag) VALUES (547, 'Musique') ON CONFLICT DO NOTHING;
INSERT INTO interests (user_id, tag) VALUES (547, 'Entrepreneuriat') ON CONFLICT DO NOTHING;
INSERT INTO interests (user_id, tag) VALUES (547, 'Jeux-vidéo') ON CONFLICT DO NOTHING;
INSERT INTO users (id, nom, prenom, email, role) VALUES (548, 'Nom_ETU0449', 'Prenom_ETU0449', 'etu0449@univ.cm', 'USER');
INSERT INTO profile_contexts (user_id, filiere, annee, semester, rythme, principal_location) VALUES (548, 'Commerce', 4, 1, 'STAGE', 'Site_A');
INSERT INTO interests (user_id, tag) VALUES (548, 'Gaming') ON CONFLICT DO NOTHING;
INSERT INTO interests (user_id, tag) VALUES (548, 'Politique') ON CONFLICT DO NOTHING;
INSERT INTO interests (user_id, tag) VALUES (548, 'Lecture') ON CONFLICT DO NOTHING;
INSERT INTO interests (user_id, tag) VALUES (548, 'Voyage') ON CONFLICT DO NOTHING;
INSERT INTO users (id, nom, prenom, email, role) VALUES (549, 'Nom_ETU0450', 'Prenom_ETU0450', 'etu0450@univ.cm', 'USER');
INSERT INTO profile_contexts (user_id, filiere, annee, semester, rythme, principal_location) VALUES (549, 'Commerce', 4, 1, 'STAGE', 'Site_A');
INSERT INTO interests (user_id, tag) VALUES (549, 'Voyage') ON CONFLICT DO NOTHING;
INSERT INTO interests (user_id, tag) VALUES (549, 'Cuisine') ON CONFLICT DO NOTHING;
INSERT INTO interests (user_id, tag) VALUES (549, 'Danse') ON CONFLICT DO NOTHING;
INSERT INTO interests (user_id, tag) VALUES (549, 'Langues') ON CONFLICT DO NOTHING;
INSERT INTO users (id, nom, prenom, email, role) VALUES (550, 'Nom_ETU0451', 'Prenom_ETU0451', 'etu0451@univ.cm', 'USER');
INSERT INTO profile_contexts (user_id, filiere, annee, semester, rythme, principal_location) VALUES (550, 'Médecine', 2, 1, 'COURS', 'Site_A');
INSERT INTO interests (user_id, tag) VALUES (550, 'Lecture') ON CONFLICT DO NOTHING;
INSERT INTO interests (user_id, tag) VALUES (550, 'Musique') ON CONFLICT DO NOTHING;
INSERT INTO interests (user_id, tag) VALUES (550, 'Sport') ON CONFLICT DO NOTHING;
INSERT INTO interests (user_id, tag) VALUES (550, 'Politique') ON CONFLICT DO NOTHING;
INSERT INTO interests (user_id, tag) VALUES (550, 'Danse') ON CONFLICT DO NOTHING;
INSERT INTO users (id, nom, prenom, email, role) VALUES (551, 'Nom_ETU0452', 'Prenom_ETU0452', 'etu0452@univ.cm', 'USER');
INSERT INTO profile_contexts (user_id, filiere, annee, semester, rythme, principal_location) VALUES (551, 'Architecture', 1, 1, 'STAGE', 'Site_A');
INSERT INTO users (id, nom, prenom, email, role) VALUES (552, 'Nom_ETU0453', 'Prenom_ETU0453', 'etu0453@univ.cm', 'USER');
INSERT INTO profile_contexts (user_id, filiere, annee, semester, rythme, principal_location) VALUES (552, 'Informatique', 5, 1, 'STAGE', 'Site_A');
INSERT INTO users (id, nom, prenom, email, role) VALUES (553, 'Nom_ETU0454', 'Prenom_ETU0454', 'etu0454@univ.cm', 'USER');
INSERT INTO profile_contexts (user_id, filiere, annee, semester, rythme, principal_location) VALUES (553, 'Commerce', 1, 1, 'STAGE', 'Site_A');
INSERT INTO users (id, nom, prenom, email, role) VALUES (554, 'Nom_ETU0455', 'Prenom_ETU0455', 'etu0455@univ.cm', 'USER');
INSERT INTO profile_contexts (user_id, filiere, annee, semester, rythme, principal_location) VALUES (554, 'Commerce', 4, 1, 'STAGE', 'Site_C');
INSERT INTO interests (user_id, tag) VALUES (554, 'Danse') ON CONFLICT DO NOTHING;
INSERT INTO interests (user_id, tag) VALUES (554, 'Photographie') ON CONFLICT DO NOTHING;
INSERT INTO interests (user_id, tag) VALUES (554, 'Art') ON CONFLICT DO NOTHING;
INSERT INTO interests (user_id, tag) VALUES (554, 'Langues') ON CONFLICT DO NOTHING;
INSERT INTO users (id, nom, prenom, email, role) VALUES (555, 'Nom_ETU0456', 'Prenom_ETU0456', 'etu0456@univ.cm', 'USER');
INSERT INTO profile_contexts (user_id, filiere, annee, semester, rythme, principal_location) VALUES (555, 'Lettres', 2, 1, 'COURS', 'Site_C');
INSERT INTO users (id, nom, prenom, email, role) VALUES (556, 'Nom_ETU0457', 'Prenom_ETU0457', 'etu0457@univ.cm', 'USER');
INSERT INTO profile_contexts (user_id, filiere, annee, semester, rythme, principal_location) VALUES (556, 'Biologie', 3, 1, 'STAGE', 'Site_C');
INSERT INTO interests (user_id, tag) VALUES (556, 'Cuisine') ON CONFLICT DO NOTHING;
INSERT INTO interests (user_id, tag) VALUES (556, 'Gaming') ON CONFLICT DO NOTHING;
INSERT INTO interests (user_id, tag) VALUES (556, 'Entrepreneuriat') ON CONFLICT DO NOTHING;
INSERT INTO users (id, nom, prenom, email, role) VALUES (557, 'Nom_ETU0458', 'Prenom_ETU0458', 'etu0458@univ.cm', 'USER');
INSERT INTO profile_contexts (user_id, filiere, annee, semester, rythme, principal_location) VALUES (557, 'Informatique', 3, 1, 'COURS', 'Site_C');
INSERT INTO users (id, nom, prenom, email, role) VALUES (558, 'Nom_ETU0459', 'Prenom_ETU0459', 'etu0459@univ.cm', 'USER');
INSERT INTO profile_contexts (user_id, filiere, annee, semester, rythme, principal_location) VALUES (558, 'Lettres', 1, 1, 'COURS', 'Site_C');
INSERT INTO interests (user_id, tag) VALUES (558, 'Musique') ON CONFLICT DO NOTHING;
INSERT INTO interests (user_id, tag) VALUES (558, 'Sport') ON CONFLICT DO NOTHING;
INSERT INTO interests (user_id, tag) VALUES (558, 'Photographie') ON CONFLICT DO NOTHING;
INSERT INTO users (id, nom, prenom, email, role) VALUES (559, 'Nom_ETU0460', 'Prenom_ETU0460', 'etu0460@univ.cm', 'USER');
INSERT INTO profile_contexts (user_id, filiere, annee, semester, rythme, principal_location) VALUES (559, 'Droit', 2, 1, 'COURS', 'Site_B');
INSERT INTO users (id, nom, prenom, email, role) VALUES (560, 'Nom_ETU0461', 'Prenom_ETU0461', 'etu0461@univ.cm', 'USER');
INSERT INTO profile_contexts (user_id, filiere, annee, semester, rythme, principal_location) VALUES (560, 'Médecine', 4, 1, 'STAGE', 'Site_C');
INSERT INTO interests (user_id, tag) VALUES (560, 'Politique') ON CONFLICT DO NOTHING;
INSERT INTO interests (user_id, tag) VALUES (560, 'Danse') ON CONFLICT DO NOTHING;
INSERT INTO users (id, nom, prenom, email, role) VALUES (561, 'Nom_ETU0462', 'Prenom_ETU0462', 'etu0462@univ.cm', 'USER');
INSERT INTO profile_contexts (user_id, filiere, annee, semester, rythme, principal_location) VALUES (561, 'Lettres', 4, 1, 'COURS', 'Site_A');
INSERT INTO users (id, nom, prenom, email, role) VALUES (562, 'Nom_ETU0463', 'Prenom_ETU0463', 'etu0463@univ.cm', 'USER');
INSERT INTO profile_contexts (user_id, filiere, annee, semester, rythme, principal_location) VALUES (562, 'Commerce', 1, 1, 'COURS', 'Site_C');
INSERT INTO users (id, nom, prenom, email, role) VALUES (563, 'Nom_ETU0464', 'Prenom_ETU0464', 'etu0464@univ.cm', 'USER');
INSERT INTO profile_contexts (user_id, filiere, annee, semester, rythme, principal_location) VALUES (563, 'Biologie', 4, 1, 'STAGE', 'Site_C');
INSERT INTO interests (user_id, tag) VALUES (563, 'Lecture') ON CONFLICT DO NOTHING;
INSERT INTO interests (user_id, tag) VALUES (563, 'Cuisine') ON CONFLICT DO NOTHING;
INSERT INTO users (id, nom, prenom, email, role) VALUES (564, 'Nom_ETU0465', 'Prenom_ETU0465', 'etu0465@univ.cm', 'USER');
INSERT INTO profile_contexts (user_id, filiere, annee, semester, rythme, principal_location) VALUES (564, 'Physique', 5, 1, 'COURS', 'Site_C');
INSERT INTO interests (user_id, tag) VALUES (564, 'Musique') ON CONFLICT DO NOTHING;
INSERT INTO interests (user_id, tag) VALUES (564, 'Cuisine') ON CONFLICT DO NOTHING;
INSERT INTO interests (user_id, tag) VALUES (564, 'Entrepreneuriat') ON CONFLICT DO NOTHING;
INSERT INTO interests (user_id, tag) VALUES (564, 'Coding') ON CONFLICT DO NOTHING;
INSERT INTO users (id, nom, prenom, email, role) VALUES (565, 'Nom_ETU0466', 'Prenom_ETU0466', 'etu0466@univ.cm', 'USER');
INSERT INTO profile_contexts (user_id, filiere, annee, semester, rythme, principal_location) VALUES (565, 'Biologie', 5, 1, 'STAGE', 'Site_C');
INSERT INTO users (id, nom, prenom, email, role) VALUES (566, 'Nom_ETU0467', 'Prenom_ETU0467', 'etu0467@univ.cm', 'USER');
INSERT INTO profile_contexts (user_id, filiere, annee, semester, rythme, principal_location) VALUES (566, 'Lettres', 5, 1, 'COURS', 'Site_C');
INSERT INTO users (id, nom, prenom, email, role) VALUES (567, 'Nom_ETU0468', 'Prenom_ETU0468', 'etu0468@univ.cm', 'USER');
INSERT INTO profile_contexts (user_id, filiere, annee, semester, rythme, principal_location) VALUES (567, 'Informatique', 3, 1, 'STAGE', 'Site_B');
INSERT INTO users (id, nom, prenom, email, role) VALUES (568, 'Nom_ETU0469', 'Prenom_ETU0469', 'etu0469@univ.cm', 'USER');
INSERT INTO profile_contexts (user_id, filiere, annee, semester, rythme, principal_location) VALUES (568, 'Lettres', 2, 1, 'COURS', 'Site_A');
INSERT INTO interests (user_id, tag) VALUES (568, 'Lecture') ON CONFLICT DO NOTHING;
INSERT INTO interests (user_id, tag) VALUES (568, 'Politique') ON CONFLICT DO NOTHING;
INSERT INTO users (id, nom, prenom, email, role) VALUES (569, 'Nom_ETU0470', 'Prenom_ETU0470', 'etu0470@univ.cm', 'USER');
INSERT INTO profile_contexts (user_id, filiere, annee, semester, rythme, principal_location) VALUES (569, 'Économie', 4, 1, 'COURS', 'Site_B');
INSERT INTO users (id, nom, prenom, email, role) VALUES (570, 'Nom_ETU0471', 'Prenom_ETU0471', 'etu0471@univ.cm', 'USER');
INSERT INTO profile_contexts (user_id, filiere, annee, semester, rythme, principal_location) VALUES (570, 'Physique', 5, 1, 'STAGE', 'Site_A');
INSERT INTO interests (user_id, tag) VALUES (570, 'Cuisine') ON CONFLICT DO NOTHING;
INSERT INTO interests (user_id, tag) VALUES (570, 'Politique') ON CONFLICT DO NOTHING;
INSERT INTO users (id, nom, prenom, email, role) VALUES (571, 'Nom_ETU0472', 'Prenom_ETU0472', 'etu0472@univ.cm', 'USER');
INSERT INTO profile_contexts (user_id, filiere, annee, semester, rythme, principal_location) VALUES (571, 'Économie', 2, 1, 'COURS', 'Site_C');
INSERT INTO interests (user_id, tag) VALUES (571, 'Photographie') ON CONFLICT DO NOTHING;
INSERT INTO interests (user_id, tag) VALUES (571, 'Danse') ON CONFLICT DO NOTHING;
INSERT INTO users (id, nom, prenom, email, role) VALUES (572, 'Nom_ETU0473', 'Prenom_ETU0473', 'etu0473@univ.cm', 'USER');
INSERT INTO profile_contexts (user_id, filiere, annee, semester, rythme, principal_location) VALUES (572, 'Lettres', 1, 1, 'COURS', 'Site_C');
INSERT INTO users (id, nom, prenom, email, role) VALUES (573, 'Nom_ETU0474', 'Prenom_ETU0474', 'etu0474@univ.cm', 'USER');
INSERT INTO profile_contexts (user_id, filiere, annee, semester, rythme, principal_location) VALUES (573, 'Physique', 5, 1, 'COURS', 'Site_A');
INSERT INTO users (id, nom, prenom, email, role) VALUES (574, 'Nom_ETU0475', 'Prenom_ETU0475', 'etu0475@univ.cm', 'USER');
INSERT INTO profile_contexts (user_id, filiere, annee, semester, rythme, principal_location) VALUES (574, 'Physique', 4, 1, 'COURS', 'Site_A');
INSERT INTO interests (user_id, tag) VALUES (574, 'Voyage') ON CONFLICT DO NOTHING;
INSERT INTO interests (user_id, tag) VALUES (574, 'Danse') ON CONFLICT DO NOTHING;
INSERT INTO interests (user_id, tag) VALUES (574, 'Cinema') ON CONFLICT DO NOTHING;
INSERT INTO interests (user_id, tag) VALUES (574, 'Lecture') ON CONFLICT DO NOTHING;
INSERT INTO users (id, nom, prenom, email, role) VALUES (575, 'Nom_ETU0476', 'Prenom_ETU0476', 'etu0476@univ.cm', 'USER');
INSERT INTO profile_contexts (user_id, filiere, annee, semester, rythme, principal_location) VALUES (575, 'Économie', 2, 1, 'STAGE', 'Site_B');
INSERT INTO users (id, nom, prenom, email, role) VALUES (576, 'Nom_ETU0477', 'Prenom_ETU0477', 'etu0477@univ.cm', 'USER');
INSERT INTO profile_contexts (user_id, filiere, annee, semester, rythme, principal_location) VALUES (576, 'Droit', 5, 1, 'STAGE', 'Site_B');
INSERT INTO users (id, nom, prenom, email, role) VALUES (577, 'Nom_ETU0478', 'Prenom_ETU0478', 'etu0478@univ.cm', 'USER');
INSERT INTO profile_contexts (user_id, filiere, annee, semester, rythme, principal_location) VALUES (577, 'Architecture', 5, 1, 'COURS', 'Site_A');
INSERT INTO interests (user_id, tag) VALUES (577, 'Art') ON CONFLICT DO NOTHING;
INSERT INTO interests (user_id, tag) VALUES (577, 'Langues') ON CONFLICT DO NOTHING;
INSERT INTO interests (user_id, tag) VALUES (577, 'Entrepreneuriat') ON CONFLICT DO NOTHING;
INSERT INTO interests (user_id, tag) VALUES (577, 'Jeux-vidéo') ON CONFLICT DO NOTHING;
INSERT INTO users (id, nom, prenom, email, role) VALUES (578, 'Nom_ETU0479', 'Prenom_ETU0479', 'etu0479@univ.cm', 'USER');
INSERT INTO profile_contexts (user_id, filiere, annee, semester, rythme, principal_location) VALUES (578, 'Lettres', 2, 1, 'COURS', 'Site_B');
INSERT INTO interests (user_id, tag) VALUES (578, 'Cinema') ON CONFLICT DO NOTHING;
INSERT INTO interests (user_id, tag) VALUES (578, 'Photographie') ON CONFLICT DO NOTHING;
INSERT INTO interests (user_id, tag) VALUES (578, 'Art') ON CONFLICT DO NOTHING;
INSERT INTO interests (user_id, tag) VALUES (578, 'Danse') ON CONFLICT DO NOTHING;
INSERT INTO interests (user_id, tag) VALUES (578, 'Langues') ON CONFLICT DO NOTHING;
INSERT INTO users (id, nom, prenom, email, role) VALUES (579, 'Nom_ETU0480', 'Prenom_ETU0480', 'etu0480@univ.cm', 'USER');
INSERT INTO profile_contexts (user_id, filiere, annee, semester, rythme, principal_location) VALUES (579, 'Informatique', 5, 1, 'STAGE', 'Site_C');
INSERT INTO interests (user_id, tag) VALUES (579, 'Politique') ON CONFLICT DO NOTHING;
INSERT INTO interests (user_id, tag) VALUES (579, 'Lecture') ON CONFLICT DO NOTHING;
INSERT INTO interests (user_id, tag) VALUES (579, 'Coding') ON CONFLICT DO NOTHING;
INSERT INTO users (id, nom, prenom, email, role) VALUES (580, 'Nom_ETU0481', 'Prenom_ETU0481', 'etu0481@univ.cm', 'USER');
INSERT INTO profile_contexts (user_id, filiere, annee, semester, rythme, principal_location) VALUES (580, 'Médecine', 5, 1, 'STAGE', 'Site_B');
INSERT INTO interests (user_id, tag) VALUES (580, 'Jeux-vidéo') ON CONFLICT DO NOTHING;
INSERT INTO interests (user_id, tag) VALUES (580, 'Coding') ON CONFLICT DO NOTHING;
INSERT INTO interests (user_id, tag) VALUES (580, 'Cuisine') ON CONFLICT DO NOTHING;
INSERT INTO interests (user_id, tag) VALUES (580, 'Photographie') ON CONFLICT DO NOTHING;
INSERT INTO users (id, nom, prenom, email, role) VALUES (581, 'Nom_ETU0482', 'Prenom_ETU0482', 'etu0482@univ.cm', 'USER');
INSERT INTO profile_contexts (user_id, filiere, annee, semester, rythme, principal_location) VALUES (581, 'Informatique', 3, 1, 'STAGE', 'Site_A');
INSERT INTO interests (user_id, tag) VALUES (581, 'Gaming') ON CONFLICT DO NOTHING;
INSERT INTO interests (user_id, tag) VALUES (581, 'Lecture') ON CONFLICT DO NOTHING;
INSERT INTO interests (user_id, tag) VALUES (581, 'Musique') ON CONFLICT DO NOTHING;
INSERT INTO users (id, nom, prenom, email, role) VALUES (582, 'Nom_ETU0483', 'Prenom_ETU0483', 'etu0483@univ.cm', 'USER');
INSERT INTO profile_contexts (user_id, filiere, annee, semester, rythme, principal_location) VALUES (582, 'Physique', 2, 1, 'STAGE', 'Site_A');
INSERT INTO users (id, nom, prenom, email, role) VALUES (583, 'Nom_ETU0484', 'Prenom_ETU0484', 'etu0484@univ.cm', 'USER');
INSERT INTO profile_contexts (user_id, filiere, annee, semester, rythme, principal_location) VALUES (583, 'Physique', 1, 1, 'STAGE', 'Site_A');
INSERT INTO interests (user_id, tag) VALUES (583, 'Art') ON CONFLICT DO NOTHING;
INSERT INTO interests (user_id, tag) VALUES (583, 'Sport') ON CONFLICT DO NOTHING;
INSERT INTO interests (user_id, tag) VALUES (583, 'Entrepreneuriat') ON CONFLICT DO NOTHING;
INSERT INTO interests (user_id, tag) VALUES (583, 'Cuisine') ON CONFLICT DO NOTHING;
INSERT INTO interests (user_id, tag) VALUES (583, 'Gaming') ON CONFLICT DO NOTHING;
INSERT INTO users (id, nom, prenom, email, role) VALUES (584, 'Nom_ETU0485', 'Prenom_ETU0485', 'etu0485@univ.cm', 'USER');
INSERT INTO profile_contexts (user_id, filiere, annee, semester, rythme, principal_location) VALUES (584, 'Biologie', 3, 1, 'COURS', 'Site_B');
INSERT INTO interests (user_id, tag) VALUES (584, 'Cuisine') ON CONFLICT DO NOTHING;
INSERT INTO interests (user_id, tag) VALUES (584, 'Cinema') ON CONFLICT DO NOTHING;
INSERT INTO interests (user_id, tag) VALUES (584, 'Politique') ON CONFLICT DO NOTHING;
INSERT INTO users (id, nom, prenom, email, role) VALUES (585, 'Nom_ETU0486', 'Prenom_ETU0486', 'etu0486@univ.cm', 'USER');
INSERT INTO profile_contexts (user_id, filiere, annee, semester, rythme, principal_location) VALUES (585, 'Physique', 1, 1, 'COURS', 'Site_A');
INSERT INTO interests (user_id, tag) VALUES (585, 'Cuisine') ON CONFLICT DO NOTHING;
INSERT INTO interests (user_id, tag) VALUES (585, 'Langues') ON CONFLICT DO NOTHING;
INSERT INTO interests (user_id, tag) VALUES (585, 'Voyage') ON CONFLICT DO NOTHING;
INSERT INTO users (id, nom, prenom, email, role) VALUES (586, 'Nom_ETU0487', 'Prenom_ETU0487', 'etu0487@univ.cm', 'USER');
INSERT INTO profile_contexts (user_id, filiere, annee, semester, rythme, principal_location) VALUES (586, 'Génie Civil', 3, 1, 'STAGE', 'Site_C');
INSERT INTO users (id, nom, prenom, email, role) VALUES (587, 'Nom_ETU0488', 'Prenom_ETU0488', 'etu0488@univ.cm', 'USER');
INSERT INTO profile_contexts (user_id, filiere, annee, semester, rythme, principal_location) VALUES (587, 'Physique', 3, 1, 'COURS', 'Site_C');
INSERT INTO users (id, nom, prenom, email, role) VALUES (588, 'Nom_ETU0489', 'Prenom_ETU0489', 'etu0489@univ.cm', 'USER');
INSERT INTO profile_contexts (user_id, filiere, annee, semester, rythme, principal_location) VALUES (588, 'Médecine', 3, 1, 'COURS', 'Site_C');
INSERT INTO users (id, nom, prenom, email, role) VALUES (589, 'Nom_ETU0490', 'Prenom_ETU0490', 'etu0490@univ.cm', 'USER');
INSERT INTO profile_contexts (user_id, filiere, annee, semester, rythme, principal_location) VALUES (589, 'Économie', 3, 1, 'COURS', 'Site_B');
INSERT INTO interests (user_id, tag) VALUES (589, 'Musique') ON CONFLICT DO NOTHING;
INSERT INTO interests (user_id, tag) VALUES (589, 'Jeux-vidéo') ON CONFLICT DO NOTHING;
INSERT INTO interests (user_id, tag) VALUES (589, 'Lecture') ON CONFLICT DO NOTHING;
INSERT INTO users (id, nom, prenom, email, role) VALUES (590, 'Nom_ETU0491', 'Prenom_ETU0491', 'etu0491@univ.cm', 'USER');
INSERT INTO profile_contexts (user_id, filiere, annee, semester, rythme, principal_location) VALUES (590, 'Physique', 4, 1, 'COURS', 'Site_C');
INSERT INTO interests (user_id, tag) VALUES (590, 'Lecture') ON CONFLICT DO NOTHING;
INSERT INTO interests (user_id, tag) VALUES (590, 'Langues') ON CONFLICT DO NOTHING;
INSERT INTO interests (user_id, tag) VALUES (590, 'Politique') ON CONFLICT DO NOTHING;
INSERT INTO interests (user_id, tag) VALUES (590, 'Danse') ON CONFLICT DO NOTHING;
INSERT INTO interests (user_id, tag) VALUES (590, 'Photographie') ON CONFLICT DO NOTHING;
INSERT INTO users (id, nom, prenom, email, role) VALUES (591, 'Nom_ETU0492', 'Prenom_ETU0492', 'etu0492@univ.cm', 'USER');
INSERT INTO profile_contexts (user_id, filiere, annee, semester, rythme, principal_location) VALUES (591, 'Commerce', 3, 1, 'COURS', 'Site_C');
INSERT INTO interests (user_id, tag) VALUES (591, 'Jeux-vidéo') ON CONFLICT DO NOTHING;
INSERT INTO interests (user_id, tag) VALUES (591, 'Langues') ON CONFLICT DO NOTHING;
INSERT INTO users (id, nom, prenom, email, role) VALUES (592, 'Nom_ETU0493', 'Prenom_ETU0493', 'etu0493@univ.cm', 'USER');
INSERT INTO profile_contexts (user_id, filiere, annee, semester, rythme, principal_location) VALUES (592, 'Informatique', 5, 1, 'COURS', 'Site_B');
INSERT INTO interests (user_id, tag) VALUES (592, 'Sport') ON CONFLICT DO NOTHING;
INSERT INTO interests (user_id, tag) VALUES (592, 'Musique') ON CONFLICT DO NOTHING;
INSERT INTO users (id, nom, prenom, email, role) VALUES (593, 'Nom_ETU0494', 'Prenom_ETU0494', 'etu0494@univ.cm', 'USER');
INSERT INTO profile_contexts (user_id, filiere, annee, semester, rythme, principal_location) VALUES (593, 'Architecture', 3, 1, 'COURS', 'Site_A');
INSERT INTO interests (user_id, tag) VALUES (593, 'Voyage') ON CONFLICT DO NOTHING;
INSERT INTO interests (user_id, tag) VALUES (593, 'Cuisine') ON CONFLICT DO NOTHING;
INSERT INTO interests (user_id, tag) VALUES (593, 'Musique') ON CONFLICT DO NOTHING;
INSERT INTO interests (user_id, tag) VALUES (593, 'Coding') ON CONFLICT DO NOTHING;
INSERT INTO users (id, nom, prenom, email, role) VALUES (594, 'Nom_ETU0495', 'Prenom_ETU0495', 'etu0495@univ.cm', 'USER');
INSERT INTO profile_contexts (user_id, filiere, annee, semester, rythme, principal_location) VALUES (594, 'Génie Civil', 3, 1, 'STAGE', 'Site_B');
INSERT INTO users (id, nom, prenom, email, role) VALUES (595, 'Nom_ETU0496', 'Prenom_ETU0496', 'etu0496@univ.cm', 'USER');
INSERT INTO profile_contexts (user_id, filiere, annee, semester, rythme, principal_location) VALUES (595, 'Commerce', 1, 1, 'STAGE', 'Site_C');
INSERT INTO users (id, nom, prenom, email, role) VALUES (596, 'Nom_ETU0497', 'Prenom_ETU0497', 'etu0497@univ.cm', 'USER');
INSERT INTO profile_contexts (user_id, filiere, annee, semester, rythme, principal_location) VALUES (596, 'Architecture', 5, 1, 'STAGE', 'Site_C');
INSERT INTO users (id, nom, prenom, email, role) VALUES (597, 'Nom_ETU0498', 'Prenom_ETU0498', 'etu0498@univ.cm', 'USER');
INSERT INTO profile_contexts (user_id, filiere, annee, semester, rythme, principal_location) VALUES (597, 'Informatique', 1, 1, 'COURS', 'Site_C');
INSERT INTO users (id, nom, prenom, email, role) VALUES (598, 'Nom_ETU0499', 'Prenom_ETU0499', 'etu0499@univ.cm', 'USER');
INSERT INTO profile_contexts (user_id, filiere, annee, semester, rythme, principal_location) VALUES (598, 'Lettres', 3, 1, 'COURS', 'Site_C');
INSERT INTO users (id, nom, prenom, email, role) VALUES (599, 'Nom_ETU0500', 'Prenom_ETU0500', 'etu0500@univ.cm', 'USER');
INSERT INTO profile_contexts (user_id, filiere, annee, semester, rythme, principal_location) VALUES (599, 'Génie Civil', 3, 1, 'COURS', 'Site_C');
INSERT INTO associations (id, nom, description, responsable_id, status) VALUES (1, 'Club Info & IA', 1, 'APPROVED');
INSERT INTO associations (id, nom, description, responsable_id, status) VALUES (2, 'Cercle des Juristes', 1, 'APPROVED');
INSERT INTO associations (id, nom, description, responsable_id, status) VALUES (3, 'Association Sportive', 1, 'APPROVED');
INSERT INTO associations (id, nom, description, responsable_id, status) VALUES (4, 'Collectif Entrepreneuriat', 1, 'APPROVED');
INSERT INTO associations (id, nom, description, responsable_id, status) VALUES (5, 'Club Photo & Vidéo', 1, 'APPROVED');
INSERT INTO associations (id, nom, description, responsable_id, status) VALUES (6, 'Groupe de Prière Inter-Campus', 1, 'APPROVED');
INSERT INTO associations (id, nom, description, responsable_id, status) VALUES (7, 'Club Économie & Finance', 1, 'APPROVED');
INSERT INTO associations (id, nom, description, responsable_id, status) VALUES (8, 'Association des Navetteurs', 1, 'APPROVED');
INSERT INTO associations (id, nom, description, responsable_id, status) VALUES (9, 'Lab Innovation Sociale', 1, 'APPROVED');
INSERT INTO associations (id, nom, description, responsable_id, status) VALUES (10, 'Équipe de Handball', 1, 'APPROVED');
INSERT INTO events (titre, description, date_debut, lieu, category_id, organisateur_id, association_id, status, max_participants) VALUES ('Conférence — Collectif Entrepreneuriat', 'Événement organisé par Collectif Entrepreneuriat.', '2026-04-26 15:00:00', 'En ligne', 4, 1, 4, 'PUBLISHED', 100);
INSERT INTO events (titre, description, date_debut, lieu, category_id, organisateur_id, association_id, status, max_participants) VALUES ('Conférence — Club Info & IA', 'Événement organisé par Club Info & IA.', '2026-05-03 18:00:00', 'Terrain sport', 4, 1, 1, 'PUBLISHED', 200);
INSERT INTO events (titre, description, date_debut, lieu, category_id, organisateur_id, association_id, status, max_participants) VALUES ('Hackathon — Équipe de Handball', 'Événement organisé par Équipe de Handball.', '2026-04-28 14:00:00', 'Cafétéria', 1, 1, 10, 'PUBLISHED', 100);
INSERT INTO events (titre, description, date_debut, lieu, category_id, organisateur_id, association_id, status, max_participants) VALUES ('Atelier — Club Photo & Vidéo', 'Événement organisé par Club Photo & Vidéo.', '2026-01-30 18:00:00', 'Terrain sport', 1, 1, 5, 'PUBLISHED', 200);
INSERT INTO events (titre, description, date_debut, lieu, category_id, organisateur_id, association_id, status, max_participants) VALUES ('Table ronde — Groupe de Prière Inter-Campus', 'Événement organisé par Groupe de Prière Inter-Campus.', '2026-02-23 14:00:00', 'En ligne', 4, 1, 6, 'PUBLISHED', 20);
INSERT INTO events (titre, description, date_debut, lieu, category_id, organisateur_id, association_id, status, max_participants) VALUES ('Tournoi — Groupe de Prière Inter-Campus', 'Événement organisé par Groupe de Prière Inter-Campus.', '2026-05-07 10:00:00', 'Cafétéria', 1, 1, 6, 'PUBLISHED', 20);
INSERT INTO events (titre, description, date_debut, lieu, category_id, organisateur_id, association_id, status, max_participants) VALUES ('Table ronde — Groupe de Prière Inter-Campus', 'Événement organisé par Groupe de Prière Inter-Campus.', '2026-03-22 18:00:00', 'Cafétéria', 4, 1, 6, 'PUBLISHED', 20);
INSERT INTO events (titre, description, date_debut, lieu, category_id, organisateur_id, association_id, status, max_participants) VALUES ('Soirée — Groupe de Prière Inter-Campus', 'Événement organisé par Groupe de Prière Inter-Campus.', '2026-01-28 10:00:00', 'Terrain sport', 4, 1, 6, 'PUBLISHED', 50);
INSERT INTO events (titre, description, date_debut, lieu, category_id, organisateur_id, association_id, status, max_participants) VALUES ('Visite — Association Sportive', 'Événement organisé par Association Sportive.', '2026-02-07 19:00:00', 'Amphi 100', 1, 1, 3, 'PUBLISHED', 30);
INSERT INTO events (titre, description, date_debut, lieu, category_id, organisateur_id, association_id, status, max_participants) VALUES ('Soirée — Lab Innovation Sociale', 'Événement organisé par Lab Innovation Sociale.', '2026-05-10 19:00:00', 'Amphi 100', 1, 1, 9, 'PUBLISHED', 200);
INSERT INTO events (titre, description, date_debut, lieu, category_id, organisateur_id, association_id, status, max_participants) VALUES ('Table ronde — Club Photo & Vidéo', 'Événement organisé par Club Photo & Vidéo.', '2026-01-22 15:00:00', 'Amphi 100', 4, 1, 5, 'PUBLISHED', 200);
INSERT INTO events (titre, description, date_debut, lieu, category_id, organisateur_id, association_id, status, max_participants) VALUES ('Conférence — Lab Innovation Sociale', 'Événement organisé par Lab Innovation Sociale.', '2026-03-17 18:00:00', 'Salle polyvalente', 4, 1, 9, 'PUBLISHED', 30);
INSERT INTO events (titre, description, date_debut, lieu, category_id, organisateur_id, association_id, status, max_participants) VALUES ('Table ronde — Club Économie & Finance', 'Événement organisé par Club Économie & Finance.', '2026-01-29 16:00:00', 'Salle polyvalente', 4, 1, 7, 'PUBLISHED', 20);
INSERT INTO events (titre, description, date_debut, lieu, category_id, organisateur_id, association_id, status, max_participants) VALUES ('Table ronde — Groupe de Prière Inter-Campus', 'Événement organisé par Groupe de Prière Inter-Campus.', '2026-03-13 15:00:00', 'Terrain sport', 4, 1, 6, 'PUBLISHED', 200);
INSERT INTO events (titre, description, date_debut, lieu, category_id, organisateur_id, association_id, status, max_participants) VALUES ('Atelier — Club Photo & Vidéo', 'Événement organisé par Club Photo & Vidéo.', '2026-05-19 19:00:00', 'Amphi 100', 4, 1, 5, 'PUBLISHED', 200);
INSERT INTO events (titre, description, date_debut, lieu, category_id, organisateur_id, association_id, status, max_participants) VALUES ('Hackathon — Lab Innovation Sociale', 'Événement organisé par Lab Innovation Sociale.', '2026-04-30 15:00:00', 'Cafétéria', 4, 1, 9, 'PUBLISHED', 200);
INSERT INTO events (titre, description, date_debut, lieu, category_id, organisateur_id, association_id, status, max_participants) VALUES ('Table ronde — Club Économie & Finance', 'Événement organisé par Club Économie & Finance.', '2026-04-27 09:00:00', 'Salle polyvalente', 4, 1, 7, 'PUBLISHED', 200);
INSERT INTO events (titre, description, date_debut, lieu, category_id, organisateur_id, association_id, status, max_participants) VALUES ('Conférence — Lab Innovation Sociale', 'Événement organisé par Lab Innovation Sociale.', '2026-05-02 19:00:00', 'En ligne', 4, 1, 9, 'PUBLISHED', 200);
INSERT INTO events (titre, description, date_debut, lieu, category_id, organisateur_id, association_id, status, max_participants) VALUES ('Atelier — Équipe de Handball', 'Événement organisé par Équipe de Handball.', '2026-02-26 15:00:00', 'Terrain sport', 4, 1, 10, 'PUBLISHED', 30);
INSERT INTO events (titre, description, date_debut, lieu, category_id, organisateur_id, association_id, status, max_participants) VALUES ('Table ronde — Collectif Entrepreneuriat', 'Événement organisé par Collectif Entrepreneuriat.', '2026-03-17 16:00:00', 'Amphi 100', 4, 1, 4, 'PUBLISHED', 50);
INSERT INTO events (titre, description, date_debut, lieu, category_id, organisateur_id, association_id, status, max_participants) VALUES ('Atelier — Association des Navetteurs', 'Événement organisé par Association des Navetteurs.', '2026-04-07 17:00:00', 'Salle polyvalente', 4, 1, 8, 'PUBLISHED', 200);
INSERT INTO events (titre, description, date_debut, lieu, category_id, organisateur_id, association_id, status, max_participants) VALUES ('Hackathon — Club Économie & Finance', 'Événement organisé par Club Économie & Finance.', '2026-04-16 10:00:00', 'Terrain sport', 4, 1, 7, 'PUBLISHED', 50);
INSERT INTO events (titre, description, date_debut, lieu, category_id, organisateur_id, association_id, status, max_participants) VALUES ('Hackathon — Club Économie & Finance', 'Événement organisé par Club Économie & Finance.', '2026-03-14 10:00:00', 'Cafétéria', 4, 1, 7, 'PUBLISHED', NULL);
INSERT INTO events (titre, description, date_debut, lieu, category_id, organisateur_id, association_id, status, max_participants) VALUES ('Conférence — Club Info & IA', 'Événement organisé par Club Info & IA.', '2026-02-10 16:00:00', 'En ligne', 4, 1, 1, 'PUBLISHED', NULL);
INSERT INTO events (titre, description, date_debut, lieu, category_id, organisateur_id, association_id, status, max_participants) VALUES ('Soirée — Club Info & IA', 'Événement organisé par Club Info & IA.', '2026-05-06 08:00:00', 'Salle polyvalente', 4, 1, 1, 'PUBLISHED', 20);
INSERT INTO events (titre, description, date_debut, lieu, category_id, organisateur_id, association_id, status, max_participants) VALUES ('Soirée — Club Économie & Finance', 'Événement organisé par Club Économie & Finance.', '2026-05-15 15:00:00', 'Cafétéria', 4, 1, 7, 'PUBLISHED', NULL);
INSERT INTO events (titre, description, date_debut, lieu, category_id, organisateur_id, association_id, status, max_participants) VALUES ('Visite — Groupe de Prière Inter-Campus', 'Événement organisé par Groupe de Prière Inter-Campus.', '2026-05-14 15:00:00', 'En ligne', 1, 1, 6, 'PUBLISHED', 200);
INSERT INTO events (titre, description, date_debut, lieu, category_id, organisateur_id, association_id, status, max_participants) VALUES ('Soirée — Groupe de Prière Inter-Campus', 'Événement organisé par Groupe de Prière Inter-Campus.', '2026-03-18 17:00:00', 'Cafétéria', 4, 1, 6, 'PUBLISHED', 50);
INSERT INTO events (titre, description, date_debut, lieu, category_id, organisateur_id, association_id, status, max_participants) VALUES ('Visite — Association Sportive', 'Événement organisé par Association Sportive.', '2026-04-22 19:00:00', 'Amphi 100', 1, 1, 3, 'PUBLISHED', 30);
INSERT INTO events (titre, description, date_debut, lieu, category_id, organisateur_id, association_id, status, max_participants) VALUES ('Tournoi — Association des Navetteurs', 'Événement organisé par Association des Navetteurs.', '2026-03-09 17:00:00', 'En ligne', 4, 1, 8, 'PUBLISHED', NULL);
INSERT INTO academic_schedules (user_id, summary, start_time, end_time, location) VALUES (100, 'TD', '2026-01-06 15:00:00', '2026-01-06 17:00:00', 'Amphi 100');
INSERT INTO academic_schedules (user_id, summary, start_time, end_time, location) VALUES (100, 'TP', '2026-01-08 16:00:00', '2026-01-08 18:00:00', 'Salle 101');
INSERT INTO academic_schedules (user_id, summary, start_time, end_time, location) VALUES (100, 'Cours B', '2026-01-12 10:00:00', '2026-01-12 12:00:00', 'Labo Info');
INSERT INTO academic_schedules (user_id, summary, start_time, end_time, location) VALUES (100, 'Cours C', '2026-01-14 11:00:00', '2026-01-14 13:00:00', 'Amphi 100');
INSERT INTO academic_schedules (user_id, summary, start_time, end_time, location) VALUES (100, 'Cours B', '2026-01-16 09:00:00', '2026-01-16 11:00:00', 'Labo Info');
INSERT INTO academic_schedules (user_id, summary, start_time, end_time, location) VALUES (100, 'TD', '2026-01-20 11:00:00', '2026-01-20 13:00:00', 'Salle 202');
INSERT INTO academic_schedules (user_id, summary, start_time, end_time, location) VALUES (100, 'Cours C', '2026-01-22 15:00:00', '2026-01-22 17:00:00', 'Salle 101');
INSERT INTO academic_schedules (user_id, summary, start_time, end_time, location) VALUES (100, 'TP', '2026-01-26 15:00:00', '2026-01-26 17:00:00', 'Labo Info');
INSERT INTO academic_schedules (user_id, summary, start_time, end_time, location) VALUES (100, 'Cours C', '2026-01-28 10:00:00', '2026-01-28 12:00:00', 'Salle 101');
INSERT INTO academic_schedules (user_id, summary, start_time, end_time, location) VALUES (100, 'TD', '2026-01-30 09:00:00', '2026-01-30 11:00:00', 'Amphi 100');
INSERT INTO academic_schedules (user_id, summary, start_time, end_time, location) VALUES (100, 'Cours B', '2026-02-03 08:00:00', '2026-02-03 10:00:00', 'Amphi 100');
INSERT INTO academic_schedules (user_id, summary, start_time, end_time, location) VALUES (100, 'Cours C', '2026-02-05 08:00:00', '2026-02-05 10:00:00', 'Salle 101');
INSERT INTO academic_schedules (user_id, summary, start_time, end_time, location) VALUES (100, 'TD', '2026-02-09 13:00:00', '2026-02-09 15:00:00', 'Amphi 200');
INSERT INTO academic_schedules (user_id, summary, start_time, end_time, location) VALUES (100, 'Cours A', '2026-02-11 13:00:00', '2026-02-11 15:00:00', 'Salle 202');
INSERT INTO academic_schedules (user_id, summary, start_time, end_time, location) VALUES (100, 'Cours B', '2026-02-13 11:00:00', '2026-02-13 13:00:00', 'Amphi 100');
INSERT INTO academic_schedules (user_id, summary, start_time, end_time, location) VALUES (100, 'TP', '2026-02-17 10:00:00', '2026-02-17 12:00:00', 'Amphi 200');
INSERT INTO academic_schedules (user_id, summary, start_time, end_time, location) VALUES (100, 'TD', '2026-02-19 16:00:00', '2026-02-19 18:00:00', 'Salle 202');
INSERT INTO academic_schedules (user_id, summary, start_time, end_time, location) VALUES (100, 'Cours C', '2026-02-23 14:00:00', '2026-02-23 16:00:00', 'Salle 202');
INSERT INTO academic_schedules (user_id, summary, start_time, end_time, location) VALUES (100, 'TP', '2026-02-25 11:00:00', '2026-02-25 13:00:00', 'Salle 101');
INSERT INTO academic_schedules (user_id, summary, start_time, end_time, location) VALUES (100, 'TD', '2026-02-27 09:00:00', '2026-02-27 11:00:00', 'Amphi 100');
INSERT INTO academic_schedules (user_id, summary, start_time, end_time, location) VALUES (100, 'Cours A', '2026-03-03 11:00:00', '2026-03-03 13:00:00', 'Salle 101');
INSERT INTO academic_schedules (user_id, summary, start_time, end_time, location) VALUES (100, 'Cours B', '2026-03-05 13:00:00', '2026-03-05 15:00:00', 'Salle 202');
INSERT INTO academic_schedules (user_id, summary, start_time, end_time, location) VALUES (100, 'TP', '2026-03-09 11:00:00', '2026-03-09 13:00:00', 'Salle 101');
INSERT INTO academic_schedules (user_id, summary, start_time, end_time, location) VALUES (100, 'Cours C', '2026-03-11 14:00:00', '2026-03-11 16:00:00', 'Salle TP');
INSERT INTO academic_schedules (user_id, summary, start_time, end_time, location) VALUES (100, 'TD', '2026-03-13 11:00:00', '2026-03-13 13:00:00', 'Labo Info');
INSERT INTO academic_schedules (user_id, summary, start_time, end_time, location) VALUES (100, 'TD', '2026-03-17 13:00:00', '2026-03-17 15:00:00', 'Amphi 200');
INSERT INTO academic_schedules (user_id, summary, start_time, end_time, location) VALUES (100, 'Cours A', '2026-03-19 13:00:00', '2026-03-19 15:00:00', 'Labo Info');
INSERT INTO academic_schedules (user_id, summary, start_time, end_time, location) VALUES (100, 'Cours B', '2026-03-23 16:00:00', '2026-03-23 18:00:00', 'Amphi 100');
INSERT INTO academic_schedules (user_id, summary, start_time, end_time, location) VALUES (100, 'TD', '2026-03-25 08:00:00', '2026-03-25 10:00:00', 'Labo Info');
INSERT INTO academic_schedules (user_id, summary, start_time, end_time, location) VALUES (100, 'Cours B', '2026-03-27 07:00:00', '2026-03-27 09:00:00', 'Amphi 100');
INSERT INTO academic_schedules (user_id, summary, start_time, end_time, location) VALUES (100, 'Cours B', '2026-03-31 15:00:00', '2026-03-31 17:00:00', 'Amphi 200');
INSERT INTO academic_schedules (user_id, summary, start_time, end_time, location) VALUES (100, 'TD', '2026-04-02 11:00:00', '2026-04-02 13:00:00', 'Salle 202');
INSERT INTO academic_schedules (user_id, summary, start_time, end_time, location) VALUES (100, 'TP', '2026-04-06 13:00:00', '2026-04-06 15:00:00', 'Labo Info');
INSERT INTO academic_schedules (user_id, summary, start_time, end_time, location) VALUES (100, 'TD', '2026-04-08 13:00:00', '2026-04-08 15:00:00', 'Amphi 100');
INSERT INTO academic_schedules (user_id, summary, start_time, end_time, location) VALUES (100, 'Cours B', '2026-04-10 14:00:00', '2026-04-10 16:00:00', 'Salle TP');
INSERT INTO academic_schedules (user_id, summary, start_time, end_time, location) VALUES (100, 'TD', '2026-04-14 10:00:00', '2026-04-14 12:00:00', 'Labo Info');
INSERT INTO academic_schedules (user_id, summary, start_time, end_time, location) VALUES (100, 'Cours B', '2026-04-16 11:00:00', '2026-04-16 13:00:00', 'Salle TP');
INSERT INTO academic_schedules (user_id, summary, start_time, end_time, location) VALUES (100, 'Cours A', '2026-04-20 09:00:00', '2026-04-20 11:00:00', 'Amphi 100');
INSERT INTO academic_schedules (user_id, summary, start_time, end_time, location) VALUES (100, 'Cours B', '2026-04-22 14:00:00', '2026-04-22 16:00:00', 'Labo Info');
INSERT INTO academic_schedules (user_id, summary, start_time, end_time, location) VALUES (100, 'TD', '2026-04-24 16:00:00', '2026-04-24 18:00:00', 'Salle 202');
COMMIT;